1.	0.	0.
1.019	0.015619247732943261	0.
1.038	0.030666692562365302	0.
1.057	0.0451731696495692	0.
1.076	0.05916733620766237	0.
1.095	0.0726758604559646	0.
1.114	0.08572359123797095	0.
1.133	0.09833371057272812	0.
1.152	0.11052787110996665	0.
1.171	0.12232632020361797	0.
1.19	0.133748012099297	0.
1.209	0.144810709543307	0.
1.228	0.15553107595888904	0.
1.247	0.1659247591957783	0.
1.266	0.17600646773832354	0.
1.285	0.1857900401527307	0.
1.304	0.1952885084630031	0.
1.323	0.20451415606591178	0.
1.342	0.21347857072622534	0.
1.361	0.2221926931329401	0.
1.38	0.23066686144435378	0.
1.399	0.23891085220330394	0.
1.418	0.24693391796302797	0.
1.437	0.2547448219280857	0.
1.456	0.2623518698830145	0.
1.475	0.26976293965329334	0.
1.494	0.27698550831825264	0.
1.513	0.2840266773735942	0.
1.532	0.29089319602151076	0.
1.551	0.29759148274891745	0.
1.57	0.3041276453389131	0.
1.589	0.31050749944652456	0.
1.608	0.31673658585750436	0.
1.627	0.3228201865378647	0.
1.646	0.3287633395718455	0.
1.665	0.3345708530770638	0.
1.684	0.3402473181777117	0.
1.703	0.34579712110929023	0.
1.722	0.35122445452198825	0.
1.741	0.35653332804393056	0.
1.76	0.36172757816021966	0.
1.779	0.36681087745889307	0.
1.798	0.37178674329067485	0.
1.817	0.3766585458854037	0.
1.836	0.3814295159644924	0.
1.855	0.38610275188556076	0.
1.874	0.3906812263524503	0.
1.893	0.39516779272114266	0.
1.912	0.3995651909297153	0.
1.931	0.4038760530781873	0.
1.95	0.4081029086821587	0.
1.969	0.41224818962229404	0.
1.988	0.41631423480997437	0.
2.007	0.4203032945879419	0.
2.026	0.4242175348833195	0.
2.045	0.4280590411291256	0.
2.064	0.43182982196915554	0.
2.083	0.43553181276016883	0.
2.102	0.4391668788840952	0.
2.121	0.4427368188821886	0.
2.14	0.4462433674222852	0.
2.159	0.4496881981093434	0.
2.178	0.45307292614888695	0.
2.197	0.45639911087223706	0.
2.216	0.4596682581318383	0.
2.235	0.462881822574408	0.
2.254	0.466041209799135	0.
2.273	0.4691477784076152	0.
2.292	0.47220284195181406	0.
2.311	0.47520767078598075	0.
2.33	0.478163493827916	0.
2.349	0.48107150023477346	0.
2.368	0.48393284099819034	0.
2.387	0.48674863046322825	0.
2.406	0.48951994777536784	0.
2.425	0.4922478382594361	0.
2.444	0.49493331473424684	0.
2.463	0.4975773587663996	0.
2.482	0.5001809218664581	0.
2.501	0.5027449266306383	0.
2.52	0.505270267830827	0.
2.539	0.5077578134556511	0.
2.558	0.5102084057051781	0.
2.577	0.5126228619416175	0.
2.596	0.5150019755982205	0.
2.615	0.5173465170486145	0.
2.634	0.5196572344385115	0.
2.653	0.5219348544816096	0.
2.672	0.5241800832215981	0.
2.691	0.5263936067618928	0.
2.71	0.5285760919646196	0.
2.729	0.530728187120463	0.
2.748	0.5328505225906512	0.
2.767	0.5349437114225567	0.
2.786	0.5370083499400828	0.
2.805	0.539045018310031	0.
2.824	0.5410542810856912	0.
2.843	0.543036687728485	0.
2.862	0.5449927731089782	0.
2.881	0.5469230579880022	0.
2.9	0.5488280494788507	0.
2.919	0.5507082414914573	0.
2.938	0.5525641151593478	0.
2.957	0.5543961392500767	0.
2.976	0.5562047705599686	0.
2.995	0.5579904542938681	0.
3.014	0.5597536244304905	0.
3.033	0.5614947040740461	0.
3.052	0.5632141057927178	0.
3.071	0.5649122319445927	0.
3.09	0.5665894749915672	0.
3.109	0.568246217801776	0.
3.128	0.5698828339409197	0.
3.147	0.571499687953085	0.
3.166	0.5730971356314667	0.
3.185	0.5746755242793515	0.
3.204	0.5762351929618862	0.
3.223	0.5777764727489003	0.
3.242	0.5792996869491709	0.
3.261	0.5808051513365231	0.
3.28	0.5822931743680698	0.
3.299	0.5837640573949037	0.
3.318	0.5852180948655672	0.
3.337	0.5866555745225497	0.
3.356	0.5880767775921276	0.
3.375	0.589481978967785	0.
3.394	0.590871447387473	0.
3.413	0.592245445604898	0.
3.432	0.5936042305552398	0.
3.451	0.5949480535152933	0.
3.47	0.5962771602583758	0.
3.489	0.5975917912042004	0.
3.508	0.5988921815638446	0.
3.527	0.6001785614800477	0.
3.546	0.6014511561629874	0.
3.565	0.6027101860217052	0.
3.584	0.6039558667914207	0.
3.603	0.6051884096567275	0.
3.622	0.6064080213709335	0.
3.641	0.6076149043717283	0.
3.66	0.6088092568931656	0.
3.679	0.6099912730742323	0.
3.698	0.6111611430640567	0.
3.717	0.6123190531238245	0.
3.736	0.6134651857257071	0.
3.755	0.6145997196486934	0.
3.774	0.6157228300715532	0.
3.793	0.6168346886630145	0.
3.812	0.6179354636692449	0.
3.831	0.619025319998713	0.
3.85	0.620104419304569	0.
3.869	0.6211729200645247	0.
3.888	0.6222309776584956	0.
3.907	0.6232787444439197	0.
3.926	0.6243163698288616	0.
3.945	0.6253440003430586	0.
3.964	0.6263617797069128	0.
3.983	0.6273698488984751	0.
4.002	0.6283683462185412	0.
4.021	0.6293574073539271	0.
4.04	0.6303371654389163	0.
4.059	0.6313077511150218	0.
4.078	0.632269292589023	0.
4.097	0.6332219156894637	0.
4.116	0.6341657439215362	0.
4.135	0.635100898520413	0.
4.154	0.6360274985032096	0.
4.173	0.6369456607194589	0.
4.192	0.6378554999002413	0.
4.211	0.6387571287059868	0.
4.23	0.6396506577729413	0.
4.249	0.640536195758452	0.
4.268	0.6414138493850134	0.
4.287	0.6422837234831558	0.
4.306	0.6431459210331714	0.
4.325	0.644000543205759	0.
4.344	0.6448476894015887	0.
4.363	0.6456874572898483	0.
4.382	0.6465199428457806	0.
4.401	0.647345240387265	0.
4.42	0.6481634426104139	0.
4.439	0.6489746406242791	0.
4.458	0.6497789239847132	0.
4.477	0.6505763807272886	0.
4.496	0.651367097399434	0.
4.515	0.652151159091737	0.
4.534	0.6529286494684758	0.
4.553	0.6536996507973646	0.
4.572	0.654464243978617	0.
4.591	0.6552225085732102	0.
4.61	0.6559745228304523	0.
4.629	0.6567203637149855	0.
4.648	0.6574601069329769	0.
4.667	0.6581938269577396	0.
4.686	0.6589215970547528	0.
4.705	0.6596434893060389	0.
4.724	0.6603595746339412	0.
4.743	0.6610699228243803	0.
4.762	0.6617746025495198	0.
4.781	0.6624736813899001	0.
4.8	0.6631672258560245	0.
4.819	0.6638553014094564	0.
4.838	0.6645379724834406	0.
4.857	0.6652153025029903	0.
4.876	0.6658873539045503	0.
4.895	0.6665541881551758	0.
4.914	0.667215865771266	0.
4.933	0.6678724463368882	0.
4.952	0.668523988521642	0.
4.971	0.6691705500981562	0.
4.99	0.669812187959141	0.
5.009	0.6704489581341027	0.
5.028	0.6710809158056561	0.
5.047	0.6717081153254232	0.
5.066	0.6723306102296442	0.
5.085	0.6729484532544181	0.
5.104	0.6735616963506075	0.
5.123	0.6741703906983498	0.
5.142	0.6747745867213608	0.
5.161	0.6753743341008089	0.
5.18	0.6759696817889467	0.
5.199	0.6765606780224434	0.
5.218	0.6771473703353874	0.
5.237	0.6777298055720484	0.
5.256	0.6783080298993593	0.
5.275	0.6788820888190722	0.
5.294	0.679452027179753	0.
5.313	0.6800178891884185	0.
5.332	0.6805797184219569	0.
5.351	0.6811375578383694	0.
5.37	0.6816914497876827	0.
5.389	0.682241436022644	0.
5.408	0.6827875577092395	0.
5.427	0.6833298554370011	0.
5.446	0.6838683692289944	0.
5.465	0.6844031385516889	0.
5.484	0.6849342023246199	0.
5.503	0.6854615989298303	0.
5.522	0.6859853662210975	0.
5.541	0.6865055415329946	0.
5.56	0.6870221616897839	0.
5.579	0.6875352630140672	0.
5.598	0.6880448813353224	0.
5.617	0.6885510519982557	0.
5.636	0.6890538098709623	0.
5.655	0.6895531893529026	0.
5.674	0.6900492243827981	0.
5.693	0.6905419484462764	0.
5.712	0.6910313945834534	0.
5.731	0.691517595396281	0.
5.75	0.6920005830557994	0.
5.769	0.692480389309237	0.
5.788	0.6929570454869445	0.
5.807	0.6934305825092594	0.
5.826	0.693901030893155	0.
5.845	0.6943684207588001	0.
5.864	0.6948327818359972	0.
5.883	0.6952941434704634	5.029576502345831e-152
5.902	0.6957525346300292	3.7349644900593046e-60
5.921	0.6962079839107385	7.630940526471443e-24
5.94	0.696660518583322	1.367339055284856e-9
5.959	0.6967612919008435	0.0004923049479213235
5.978	0.6483538570297533	0.06967552924692622
5.997	0.4325295016456254	0.4674551336550298
6.016	0.2708475614464129	0.9664167536156266
6.035	0.20438147709366616	1.2724384545704663
6.054	0.17943569849858898	1.4110811112094546
6.073	0.17036053253766817	1.4665943388873441
6.092	0.1672584764361213	1.487696950981133
6.111	0.16638449651217743	1.4955250447756998
6.13	0.1663337307128817	1.498388148623697
6.149	0.16658357821937464	1.499424529115457
6.168	0.16694125330355652	1.4997962983449207
6.187	0.1673362332893305	1.4999285107411984
6.206	0.1677429430808685	1.4999751272683302
6.225	0.16815219473126572	1.4999914219566954
6.244	0.16856072481223366	1.4999970679327679
6.263	0.16896739360395663	1.4999990068474327
6.282	0.1693718160134493	1.4999996666906836
6.301	0.16977387264463148	1.49999988918476
6.32	0.17017353671060048	1.4999999635076926
6.339	0.1705708133015642	1.4999999880990862
6.358	0.17096571826868034	1.4999999961570754
6.377	0.1713582709508622	1.4999999987715165
6.396	0.17174849169452866	1.4999999996112914
6.415	0.17213640101741012	1.4999999998782845
6.434	0.17252201933096759	1.4999999999622906
6.453	0.17290536685073105	1.4999999999884428
6.472	0.1732864635692201	1.4999999999964968
6.491	0.17366532924947323	1.49999999999895
6.51	0.17404198342525795	1.499999999999689
6.529	0.1744164454034288	1.499999999999909
6.548	0.1747887342668872	1.4999999999999738
6.567	0.17515886887773313	1.4999999999999925
6.586	0.1755268678804185	1.4999999999999978
6.605	0.17589274970487084	1.4999999999999993
6.624	0.17625653256956342	1.4999999999999998
6.643	0.17661823448453656	1.5
6.662	0.17697787325437636	1.5
6.681	0.17733546648112664	1.5
6.7	0.1776910315671706	1.5
6.719	0.17804458571804657	1.5
6.738	0.1783961459452217	1.5
6.757	0.1787457290688328	1.5
6.776	0.17909335172035934	1.5
6.795	0.17943903034526495	1.5
6.814	0.17978278120558594	1.5
6.833	0.18012462038248644	1.5
6.852	0.18046456377875864	1.5
6.871	0.1808026271212966	1.5
6.89	0.18113882596352024	1.5
6.909	0.18147317568776145	1.5
6.928	0.18180569150760578	1.5
6.947	0.1821363884702054	1.5
6.966	0.18246528145854268	1.5
6.985	0.1827923851936701	1.5
7.004	0.18311771423689882	1.5
7.023	0.1834412829919641	1.5
7.042	0.18376310570715346	1.5
7.061	0.1840831964773918	1.5
7.08	0.18440156924630233	1.5
7.099	0.18471823780823543	1.5
7.118	0.18503321581025506	1.5
7.137	0.18534651675409766	1.5
7.156	0.18565815399810698	1.5
7.175	0.1859681407591358	1.5
7.194	0.18627649011440367	1.5
7.213	0.18658321500334252	1.5
7.232	0.1868883282294041	1.5
7.251	0.18719184246184617	1.5
7.27	0.18749377023748726	1.5
7.289	0.1877941239624233	1.5
7.308	0.18809291591373195	1.5
7.327	0.18839015824114852	1.5
7.346	0.1886858629687082	1.5
7.365	0.18898004199636836	1.5
7.384	0.1892727071016057	1.5
7.403	0.18956386994098806	1.5
7.422	0.1898535420517232	1.5
7.441	0.19014173485318034	1.5
7.46	0.19042845964839655	1.5
7.479	0.1907137276255439	1.5
7.498	0.19099754985939577	1.5
7.517	0.19127993731274634	1.5
7.536	0.19156090083783767	1.5
7.555	0.19184045117774426	1.5
7.574	0.1921185989677385	1.5
7.593	0.19239535473664174	1.5
7.612	0.19267072890815118	1.5
7.631	0.19294473180215327	1.5
7.65	0.19321737363601088	1.5
7.669	0.1934886645258316	1.5
7.688	0.1937586144877198	1.5
7.707	0.19402723343901546	1.5
7.726	0.19429453119949158	1.5
7.745	0.19456051749256656	1.5
7.764	0.194825201946479	1.5
7.783	0.19508859409545054	1.5
7.802	0.1953507033808273	1.5
7.821	0.19561153915220958	1.5
7.84	0.19587111066856605	1.5
7.859	0.19612942709932263	1.5
7.878	0.1963864975254485	1.5
7.897	0.19664233094052133	1.5
7.916	0.1968969362517704	1.5
7.935	0.1971503222811114	1.5
7.954	0.19740249776616944	1.5
7.973	0.19765347136128586	1.5
7.992	0.19790325163849543	1.5
8.011	0.19815184708850778	1.5
8.03	0.19839926612168063	1.5
8.049	0.19864551706895944	1.5
8.068	0.1988906081828082	1.5
8.087	0.19913454763813376	1.5
8.106	0.19937734353320558	1.5
8.125	0.19961900389053977	1.5
8.144	0.19985953665778627	1.5
8.163	0.20009894970860248	1.5
8.182	0.2003372508435024	1.5
8.201	0.20057444779071434	1.5
8.22	0.20081054820701894	1.5
8.239	0.20104555967856014	1.5
8.258	0.20127948972166762	1.5
8.277	0.2015123457836548	1.5
8.296	0.20174413524361234	1.5
8.315	0.20197486541318146	1.5
8.334	0.2022045435373273	1.5
8.353	0.20243317679510425	1.5
8.372	0.20266077230038693	1.5
8.391	0.20288733710262452	1.5
8.41	0.20311287818755577	1.5
8.429	0.20333740247793403	1.5
8.448	0.20356091683423222	1.5
8.467	0.2037834280553428	1.5
8.486	0.20400494287926962	1.5
8.505	0.2042254679838073	1.5
8.524	0.20444500998721377	1.5
8.543	0.2046635754488671	1.5
8.562	0.20488117086992427	1.5
8.581	0.20509780269395722	1.5
8.6	0.20531347730759744	1.5
8.619	0.20552820104115954	1.5
8.638	0.2057419801692607	1.5
8.657	0.2059548209114384	1.5
8.676	0.20616672943274644	1.5
8.695	0.2063777118443457	1.5
8.714	0.206587774204106	1.5
8.733	0.20679692251717804	1.5
8.752	0.2070051627365628	1.5
8.771	0.2072125007636775	1.5
8.79	0.20741894244891382	1.5
8.809	0.20762449359219193	1.5
8.828	0.20782915994349774	1.5
8.847	0.20803294720342103	1.5
8.866	0.20823586102369174	1.5
8.885	0.20843790700769405	1.5
8.904	0.20863909071098255	1.5
8.923	0.20883941764179653	1.5
8.942	0.20903889326155328	1.5
8.961	0.20923752298535392	1.5
8.98	0.20943531218247852	1.5
8.999	0.20963226617685607	1.5
9.018	0.20982839024754257	1.5
9.037	0.21002368962920276	1.5
9.056	0.2102181695125651	1.5
9.075	0.21041183504489136	1.5
9.094	0.21060469133042595	1.5
9.113	0.21079674343084995	1.5
9.132	0.21098799636571558	1.5
9.151	0.21117845511288513	1.5
9.17	0.2113681246089683	1.5
9.189	0.211557009749745	1.5
9.208	0.21174511539058483	1.5
9.227	0.21193244634686512	1.5
9.246	0.21211900739438228	1.5
9.265	0.21230480326976042	1.5
9.284	0.21248983867084872	1.5
9.303	0.21267411825711435	1.5
9.322	0.21285764665003776	1.5
9.341	0.213040428433499	1.5
9.36	0.21322246815415924	1.5
9.379	0.21340377032183577	1.5
9.398	0.21358433940987645	1.5
9.417	0.21376417985552468	1.5
9.436	0.21394329606028695	1.5
9.455	0.2141216923902904	1.5
9.474	0.21429937317663927	1.5
9.493	0.21447634271576305	1.5
9.512	0.21465260526976093	1.5
9.531	0.2148281650667424	1.5
9.55	0.21500302630117663	1.5
9.569	0.21517719313421618	1.5
9.588	0.21535066969402938	1.5
9.607	0.21552346007612794	1.5
9.626	0.21569556834368708	1.5
9.645	0.21586699852785995	1.5
9.664	0.2160377546281102	1.5
9.683	0.2162078406125046	1.5
9.702	0.2163772604180204	1.5
9.721	0.21654601795086595	1.5
9.74	0.21671411708676497	1.5
9.759	0.2168815616712551	1.5
9.778	0.2170483555199847	1.5
9.797	0.21721450241901039	1.5
9.816	0.21738000612506714	1.5
9.835	0.21754487036586445	1.5
9.854	0.2177090988403554	1.5
9.873	0.21787269521902408	1.5
9.892	0.21803566314415246	1.5
9.911	0.218198006230094	1.5
9.93	0.21835972806353654	1.5
9.949	0.2185208322037706	1.5
9.968	0.21868132218294806	1.5
9.987	0.21884120150635078	1.5
10.006	0.21900047365263162	1.5
10.025	0.21915914207406534	1.5
10.044	0.2193172101968049	1.5
10.063	0.2194746814211353	1.5
10.082	0.21963155912170845	1.5
10.101	0.2197878466477784	1.5
10.12	0.21994354732344817	1.5
10.139	0.22009866444790985	1.5
10.158	0.22025320129566894	1.5
10.177	0.220407161116776	1.5
10.196	0.2205605471370557	1.5
10.215	0.22071336255833576	1.5
10.234	0.22086561055866324	1.5
10.253	0.22101729429252803	1.5
10.272	0.2211684168910792	1.5
10.291	0.22131898146235024	1.5
10.31	0.22146899109145696	1.5
10.329	0.221618448840812	1.5
10.348	0.2217673577503432	1.5
10.367	0.22191572083769093	1.4999999999999998
10.386	0.22206354109841567	1.4999999999999996
10.405	0.22221082150619578	1.499999999999999
10.424	0.2223575650130283	1.4999999999999958
10.443	0.22250377454942766	1.4999999999999853
10.462	0.2226494530246234	1.4999999999999492
10.481	0.22279460332675438	1.499999999999826
10.5	0.22293922832309288	1.499999999999409
10.519	0.22308333086030507	1.4999999999980174
10.538	0.22322691376487075	1.4999999999934248
10.557	0.22336997984403034	1.4999999999784346
10.576	0.22351253188839976	1.4999999999300366
10.595	0.2236545726797677	1.4999999997754434
10.614	0.22379610501483183	1.4999999992868056
10.633	0.223937131777797	1.4999999977581857
10.652	0.22407765616061268	1.49999999302442
10.671	0.22421768232538536	1.4999999785104388
10.69	0.22435721737814435	1.4999999344433368
10.709	0.22449627719464488	1.499999801928609
10.728	0.22463490345574638	1.4999994071921643
10.747	0.22477321300353897	1.4999982422254825
10.766	0.22491153954725507	1.499994835392651
10.785	0.2250508368976162	1.499984961582559
10.804	0.2251938163669363	1.49995659691155
10.823	0.22534812741768268	1.499875820180006
10.842	0.22553517667888462	1.4996477579775367
10.861	0.22581437570552426	1.4990093664169397
10.88	0.22634925501393277	1.4972380201387634
10.899	0.22758622296810815	1.4923698169229227
10.918	0.23073375148529285	1.4791483757060924
10.937	0.23903540889314182	1.4438918579311018
10.956	0.26112014688706475	1.3531673317796717
10.975	0.3196827151843703	1.1379329791277075
10.994	0.47070215829071516	0.7190913650686037
11.013	0.7711634607934573	0.2150596388375688
11.032	0.9568115939971384	0.009202991620719234
11.051	0.9660803411910613	2.6083400153199164e-6
11.07	0.9662129802296557	1.931110084978649e-15
11.089	0.9663426353311914	8.902102647699354e-39
11.108	0.9664718468881027	5.179763121157067e-98
11.127	0.9666006171725263	2.3545464179697055e-247
11.146	0.9667289484411049	0.
11.165	0.966856842935119	0.
11.184	0.9669843028806093	0.
11.203	0.9671113304885219	0.
11.222	0.9672379279548392	0.
11.241	0.9673640974606781	0.
11.26	0.9674898411724338	0.
11.279	0.9676151612419307	0.
11.298	0.9677400598065056	0.
11.317	0.9678645389891356	0.
11.336	0.9679886008985571	0.
11.355	0.9681122476294239	0.
11.374	0.9682354812623801	0.
11.393	0.9683583038641824	0.
11.412	0.9684807174878329	0.
11.431	0.9686027241726787	0.
11.45	0.9687243259445247	0.
11.469	0.9688455248157555	0.
11.488	0.9689663227854524	0.
11.507	0.9690867218394713	0.
11.526	0.9692067239505866	0.
11.545	0.9693263310785893	0.
11.564	0.9694455451703841	0.
11.583	0.9695643681600992	0.
11.602	0.9696828019692065	0.
11.621	0.9698008485065963	0.
11.64	0.9699185096687024	0.
11.659	0.9700357873395828	0.
11.678	0.9701526833910605	0.
11.697	0.9702691996827894	0.
11.716	0.9703853380623587	0.
11.735	0.9705011003653823	0.
11.754	0.9706164884156159	0.
11.773	0.9707315040250255	0.
11.792	0.9708461489939085	0.
11.811	0.9709604251109896	0.
11.83	0.9710743341534895	0.
11.849	0.9711878778872377	0.
11.868	0.9713010580667529	0.
11.887	0.97141387643533	0.
11.906	0.9715263347251432	0.
11.925	0.9716384346573246	0.
11.944	0.971750177942041	0.
11.963	0.9718615662786121	0.
11.982	0.9719726013555738	0.
12.001	0.9720832848507766	0.
12.02	0.9721936184314389	0.
12.039	0.9723036037542825	0.
12.058	0.9724132424655674	0.
12.077	0.9725225362011992	0.
12.096	0.9726314865868124	0.
12.115	0.9727400952378431	0.
12.134	0.9728483637595894	0.
12.153	0.972956293747333	0.
12.172	0.9730638867863999	0.
12.191	0.9731711444522135	0.
12.21	0.9732780683104165	0.
12.229	0.9733846599168904	0.
12.248	0.9734909208178736	0.
12.267	0.973596852550025	0.
12.286	0.9737024566404977	0.
12.305	0.9738077346070184	0.
12.324	0.9739126879579383	0.
12.343	0.9740173181923355	0.
12.362	0.9741216268000803	0.
12.381	0.9742256152618963	0.
12.4	0.9743292850494061	0.
12.419	0.974432637625254	0.
12.438	0.9745356744431134	0.
12.457	0.9746383969478156	0.
12.476	0.9747408065754057	0.
12.495	0.9748429047531635	0.
12.514	0.9749446928997034	0.
12.533	0.9750461724250317	0.
12.552	0.975147344730646	0.
12.571	0.9752482112095744	0.
12.59	0.9753487732464102	0.
12.609	0.9754490322174074	0.
12.628	0.9755489894905577	0.
12.647	0.9756486464256001	0.
12.666	0.9757480043741247	0.
12.685	0.9758470646796141	0.
12.704	0.9759458286775289	0.
12.723	0.9760442976953492	0.
12.742	0.9761424730526327	0.
12.761	0.9762403560610892	0.
12.78	0.9763379480246268	0.
12.799	0.976435250239402	0.
12.818	0.9765322639938864	0.
12.837	0.9766289905689284	0.
12.856	0.9767254312378173	0.
12.875	0.9768215872663077	0.
12.894	0.9769174599126866	0.
12.913	0.9770130504278551	0.
12.932	0.977108360055353	0.
12.951	0.9772033900314179	0.
12.97	0.9772981415850606	0.
12.989	0.9773926159380972	0.
13.008	0.9774868143051978	0.
13.027	0.9775807378939383	0.
13.046	0.977674387904871	0.
13.065	0.9777677655315682	0.
13.084	0.9778608719606481	0.
13.103	0.9779537083718539	0.
13.122	0.9780462759381203	0.
13.141	0.9781385758255765	0.
13.16	0.9782306091936115	0.
13.179	0.978322377194935	0.
13.198	0.9784138809756332	0.
13.217	0.9785051216751981	0.
13.236	0.9785961004265604	0.
13.255	0.9786868183561668	0.
13.274	0.9787772765840246	0.
13.293	0.9788674762237268	0.
13.312	0.9789574183825097	0.
13.331	0.9790471041612966	0.
13.35	0.9791365346547412	0.
13.369	0.9792257109512652	0.
13.388	0.9793146341331437	0.
13.407	0.9794033052765065	0.
13.426	0.9794917254513702	0.
13.445	0.9795798957217063	0.
13.464	0.9796678171454944	0.
13.483	0.9797554907747388	0.
13.502	0.9798429176555283	0.
13.521	0.9799300988280848	0.
13.54	0.9800170353267652	0.
13.559	0.9801037281801521	0.
13.578	0.9801901784110616	0.
13.597	0.9802763870365919	0.
13.616	0.9803623550681566	0.
13.635	0.9804480835115309	0.
13.654	0.9805335733669176	0.
13.673	0.9806188256289488	0.
13.692	0.9807038412867288	0.
13.711	0.9807886213238666	0.
13.73	0.9808731667185416	0.
13.749	0.9809574784435258	0.
13.768	0.9810415574662175	0.
13.787	0.9811254047486848	0.
13.806	0.9812090212477041	0.
13.825	0.9812924079147682	0.
13.844	0.9813755656961798	0.
13.863	0.9814584955330274	0.
13.882	0.981541198361265	0.
13.901	0.9816236751117362	0.
13.92	0.9817059267101889	0.
13.939	0.9817879540773311	0.
13.958	0.9818697581288376	0.
13.977	0.9819513397754104	0.
13.996	0.9820326999228282	0.
14.015	0.9821138394719471	0.
14.034	0.9821947593187432	0.
14.053	0.9822754603543412	0.
14.072	0.9823559434650521	0.
14.091	0.9824362095324201	0.
14.11	0.9825162594332386	0.
14.129	0.9825960940395598	0.
14.148	0.9826757142187803	0.
14.167	0.9827551208336238	0.
14.186	0.9828343147422116	0.
14.205	0.9829132967980583	0.
14.224	0.9829920678501152	0.
14.243	0.9830706287428146	0.
14.262	0.983148980316092	0.
14.281	0.9832271234054074	0.
14.3	0.9833050588417773	0.
14.319	0.9833827874518237	0.
14.338	0.9834603100577763	0.
14.357	0.9835376274775011	0.
14.376	0.9836147405245512	0.
14.395	0.9836916500081868	0.
14.414	0.9837683567333991	0.
14.433	0.9838448615009455	0.
14.452	0.9839211651073578	0.
14.471	0.9839972683449822	0.
14.49	0.9840731720020262	0.
14.509	0.984148876862563	0.
14.528	0.9842243837065705	0.
14.547	0.98429969330994	0.
14.566	0.9843748064445204	0.
14.585	0.9844497238781278	0.
14.604	0.984524446374597	0.
14.623	0.9845989746937811	0.
14.642	0.9846733095916131	0.
14.661	0.9847474518200701	0.
14.68	0.9848214021272532	0.
14.699	0.9848951612573962	0.
14.718	0.9849687299509042	0.
14.737	0.9850421089443533	0.
14.756	0.9851152989705165	0.
14.775	0.9851883007583893	0.
14.794	0.9852611150332418	0.
14.813	0.9853337425166292	0.
14.832	0.9854061839263986	0.
14.851	0.9854784399767194	0.
14.87	0.9855505113781223	0.
14.889	0.9856223988375094	0.
14.908	0.9856941030581688	0.
14.927	0.9857656247398039	0.
14.946	0.9858369645785741	0.
14.965	0.9859081232671019	0.
14.984	0.9859791014945045	0.
15.003	0.9860498999463772	0.
15.022	0.9861205193048693	0.
15.041	0.9861909602486872	0.
15.06	0.9862612234531196	0.
15.079	0.9863313095900396	0.
15.098	0.9864012193279246	0.
15.117	0.9864709533319151	0.
15.136	0.9865405122638008	0.
15.155	0.9866098967820432	0.
15.174	0.986679107541796	0.
15.193	0.9867481451949507	0.
15.212	0.9868170103901566	0.
15.231	0.986885703772805	0.
15.25	0.9869542259850971	0.
15.269	0.9870225776660044	0.
15.288	0.9870907594513445	0.
15.307	0.9871587719737802	0.
15.326	0.987226615862851	0.
15.345	0.9872942917449434	0.
15.364	0.9873618002433412	0.
15.383	0.9874291419782797	0.
15.402	0.9874963175669275	0.
15.421	0.9875633276234017	0.
15.44	0.9876301727587935	0.
15.459	0.9876968535811887	0.
15.478	0.9877633706956788	0.
15.497	0.9878297247044222	0.
15.516	0.9878959162066094	0.
15.535	0.9879619457984927	0.
15.554	0.9880278140734344	0.
15.573	0.9880935216218791	0.
15.592	0.9881590690313877	0.
15.611	0.988224456886678	0.
15.63	0.988289685769622	0.
15.649	0.9883547562592563	0.
15.668	0.9884196689317913	0.
15.687	0.9884844243606988	0.
15.706	0.9885490231166316	0.
15.725	0.9886134657674985	0.
15.744	0.9886777528784794	0.
15.763	0.9887418850120061	0.
15.782	0.9888058627277865	0.
15.801	0.9888696865829081	0.
15.82	0.9889333571317114	0.
15.839	0.9889968749259117	0.
15.858	0.9890602405145744	0.
15.877	0.9891234544441261	0.
15.896	0.98918651725838	0.
15.915	0.9892494294985696	0.
15.934	0.98931219170336	0.
15.953	0.9893748044088039	0.
15.972	0.9894372681484171	0.
15.991	0.9894995834531943	0.
16.01	0.9895617508516132	0.
16.029	0.9896237708696414	0.
16.048	0.9896856440307522	0.
16.067	0.989747370855907	0.
16.086	0.9898089518636706	0.
16.105	0.9898703875701353	0.
16.124	0.9899316784889534	0.
16.143	0.9899928251313612	0.
16.162	0.9900538280061884	0.
16.181	0.9901146876198641	0.
16.2	0.9901754044764512	0.
16.219	0.9902359790776657	0.
16.238	0.990296411922838	0.
16.257	0.9903567035090236	0.
16.276	0.9904168543309324	0.
16.295	0.9904768648809492	0.
16.314	0.9905367356491539	0.
16.333	0.9905964671233628	0.
16.352	0.9906560597891374	0.
16.371	0.990715514129795	0.
16.39	0.9907748306263852	0.
16.409	0.9908340097577375	0.
16.428	0.9908930520004781	0.
16.447	0.9909519578290129	0.
16.466	0.9910107277155661	0.
16.485	0.9910693621301977	0.
16.504	0.9911278615407642	0.
16.523	0.9911862264129825	0.
16.542	0.9912444572104544	0.
16.561	0.9913025543946337	0.
16.58	0.9913605184248724	0.
16.599	0.9914183497584234	0.
16.618	0.9914760488504422	0.
16.637	0.9915336161539992	0.
16.656	0.9915910521201003	0.
16.675	0.9916483571976897	0.
16.694	0.9917055318336739	0.
16.713	0.9917625764729228	0.
16.732	0.9918194915582906	0.
16.751	0.9918762775306127	0.
16.77	0.9919329348287584	0.
16.789	0.9919894638895959	0.
16.808	0.9920458651479848	0.
16.827	0.9921021390368395	0.
16.846	0.9921582859871614	0.
16.865	0.9922143064279454	0.
16.884	0.9922702007862814	0.
16.903	0.9923259694873288	0.
16.922	0.992381612954371	0.
16.941	0.9924371316087929	0.
16.96	0.9924925258700532	0.
16.979	0.9925477961557472	0.
16.998	0.9926029428816172	0.
17.017	0.9926579664615244	0.
17.036	0.9927128673074985	0.
17.055	0.992767645829731	0.
17.074	0.9928223024366144	0.
17.093	0.9928768375346997	0.
17.112	0.9929312515287387	0.
17.131	0.9929855448216672	0.
17.15	0.993039717814637	0.
17.169	0.9930937709070582	0.
17.188	0.9931477044965291	0.
17.207	0.9932015189789202	0.
17.226	0.9932552147483638	0.
17.245	0.9933087921972272	0.
17.264	0.9933622517161534	0.
17.283	0.9934155936941135	0.
17.302	0.993468818518318	0.
17.321	0.9935219265742998	0.
17.34	0.9935749182459015	0.
17.359	0.9936277939152894	0.
17.378	0.9936805539629264	0.
17.397	0.9937331987676736	0.
17.416	0.9937857287067023	0.
17.435	0.9938381441555268	0.
17.454	0.9938904454880526	0.
17.473	0.9939426330765198	0.
17.492	0.9939947072915732	0.
17.511	0.9940466685022797	0.
17.53	0.9940985170760582	0.
17.549	0.9941502533787668	0.
17.568	0.9942018777746897	0.
17.587	0.9942533906265204	0.
17.606	0.9943047922953858	0.
17.625	0.9943560831408453	0.
17.644	0.9944072635209324	0.
17.663	0.9944583337921301	0.
17.682	0.9945092943093583	0.
17.701	0.9945601454260599	0.
17.72	0.9946108874941484	0.
17.739	0.9946615208640353	0.
17.758	0.9947120458846171	0.
17.777	0.9947624629033005	0.
17.796	0.9948127722660112	0.
17.815	0.9948629743172055	0.
17.834	0.9949130693998571	0.
17.853	0.9949630578554919	0.
17.872	0.9950129400241741	0.
17.891	0.99506271624454	0.
17.91	0.9951123868537796	0.
17.929	0.995161952187644	0.
17.948	0.9952114125804861	0.
17.967	0.9952607683652215	0.
17.986	0.9953100198733471	0.
18.005	0.9953591674350063	0.
18.024	0.9954082113789062	0.
18.043	0.9954571520323888	0.
18.062	0.9955059897214249	0.
18.081	0.9955547247706146	0.
18.1	0.995603357503182	0.
18.119	0.9956518882409906	0.
18.138	0.9957003173045855	0.
18.157	0.9957486450131537	0.
18.176	0.9957968716845398	0.
18.195	0.9958449976352705	0.
18.214	0.9958930231805545	0.
18.233	0.9959409486342738	0.
18.252	0.9959887743089987	0.
18.271	0.9960365005160146	0.
18.29	0.9960841275652972	0.
18.309	0.9961316557655601	0.
18.328	0.9961790854242223	0.
18.347	0.9962264168474464	0.
18.366	0.9962736503400882	0.
18.385	0.9963207862057577	0.
18.404	0.9963678247468374	0.
18.423	0.9964147662644491	0.
18.442	0.9964616110584511	0.
18.461	0.9965083594275159	0.
18.48	0.9965550116690651	0.
18.499	0.9966015680792684	0.
18.518	0.9966480289531114	0.
18.537	0.9966943945843516	0.
18.556	0.9967406652655411	0.
18.575	0.996786841288059	0.
18.594	0.9968329229420971	0.
18.613	0.9968789105166459	0.
18.632	0.9969248042995069	0.
18.651	0.9969706045773189	0.
18.67	0.9970163116355593	0.
18.689	0.9970619257585505	0.
18.708	0.997107447229453	0.
18.727	0.9971528763302725	0.
18.746	0.9971982133418575	0.
18.765	0.9972434585439461	0.
18.784	0.9972886122151423	0.
18.803	0.9973336746328918	0.
18.822	0.9973786460735559	0.
18.841	0.997423526812368	0.
18.86	0.9974683171234633	0.
18.879	0.997513017279877	0.
18.898	0.9975576275535194	0.
18.917	0.9976021482152143	0.
18.936	0.9976465795347211	0.
18.955	0.9976909217806624	0.
18.974	0.9977351752206555	0.
18.993	0.9977793401212232	0.
19.012	0.997823416747806	0.
19.031	0.9978674053647756	0.
19.05	0.9979113062354832	0.
19.069	0.9979551196222162	0.
19.088	0.9979988457862302	0.
19.107	0.9980424849877196	0.
19.126	0.9980860374858707	0.
19.145	0.9981295035388071	0.
19.164	0.9981728834036458	0.
19.183	0.998216177336483	0.
19.202	0.998259385592391	0.
19.221	0.9983025084254742	0.
19.24	0.9983455460887931	0.
19.259	0.9983884988344061	0.
19.278	0.9984313669134309	0.
19.297	0.9984741505759359	0.
19.316	0.9985168500710293	0.
19.335	0.9985594656468397	0.
19.354	0.9986019975505096	0.
19.373	0.9986444460282113	0.
19.392	0.9986868113251837	0.
19.411	0.9987290936856723	0.
19.43	0.9987712933530029	0.
19.449	0.9988134105695116	0.
19.468	0.9988554455765918	0.
19.487	0.9988973986147069	0.
19.506	0.9989392699234142	0.
19.525	0.9989810597412886	0.
19.544	0.9990227683060042	0.
19.563	0.9990643958543319	0.
19.582	0.9991059426220681	0.
19.601	0.99914740884413	0.
19.62	0.9991887947545264	0.
19.639	0.9992301005863384	0.
19.658	0.9992713265717641	0.
19.677	0.9993124729421239	0.
19.696	0.999353539927835	0.
19.715	0.9993945277583889	0.
19.734	0.9994354366624048	0.
19.753	0.9994762668676125	0.
19.772	0.9995170186009299	0.
19.791	0.9995576920883624	0.
19.81	0.9995982875550513	0.
19.829	0.9996388052252871	0.
19.848	0.9996792453224801	0.
19.867	0.9997196080692023	0.
19.886	0.9997598936871401	0.
19.905	0.9998001023971497	0.
19.924	0.9998402344192593	0.
19.943	0.9998802899726567	0.
19.962	0.9999202692757019	0.
19.981	0.9999601725459208	0.
20.	1.	0.