1.	-4.41307719938203e-14	-4.2886461342146456e-14	-4.349972010267952e-14
1.2	0.17540192784401615	0.06968380994086118	0.12178700608722903
1.4	0.3006890476036091	0.11945793225820446	0.2087777247209951
1.6	0.3946544371975545	0.15678847562539552	0.2740207636963198
1.8	0.4677386954696566	0.18582327819431232	0.3247653495660166
2.	0.5262061817262313	0.20905104285605014	0.3653610182617742
2.2	0.574043306434987	0.22805548963216293	0.3985756562855758
2.4	0.6139076765744499	0.24389243187030127	0.4262545213054104
2.6	0.6476391738990405	0.2572928172726304	0.4496750993991167
2.8000000000000003	0.6765519996619791	0.2687787513406353	0.4697498806222935
3.	0.7016099014490313	0.27873311144200325	0.48714802434904675
3.2	0.723535689949592	0.28744305560243116	0.5023714001099558
3.4000000000000004	0.7428821027497441	0.29512817525326107	0.5158037904872285
3.6	0.7600790468609583	0.30195926372991055	0.5277436930448042
3.8000000000000003	0.7754659225555383	0.30807115787604294	0.5384267637542142
4.	0.7893142500514024	0.3135717271665155	0.5480415273926831
4.2	0.8018438314298127	0.31854829450945854	0.5567405992560596
4.4	0.8132345047573379	0.3230723059205359	0.5646488464045838
4.6000000000000005	0.823634831915152	0.32720278202129005	0.571869419888019
4.8	0.8331686144709811	0.33098890666292713	0.5784882789145012
5.	0.8419398457418125	0.33447199428036645	0.5845776292188647
5.2	0.8500365200728841	0.33768700324152423	0.5901985679613543
5.4	0.8575335956102308	0.3406637128967582	0.5954031408710668
5.6000000000000005	0.8644953221934065	0.3434276484034254	0.6002359585729427
5.800000000000001	0.8709770876152291	0.34600081420742784	0.6047354785022754
6.	0.8770268946295677	0.3484022808284553	0.6089350304363194
6.	0.8770268946295499	0.01734592817510892	0.4410398692600939
6.2	0.8826866054203489	0.01959225359063214	0.44496848235968334
6.4	0.8879928516697647	0.02169792382377217	0.4486515571405484
6.6	0.8929777758560037	0.02367571663450673	0.4521114152680278
6.8	0.8976697389894123	0.02553690651677414	0.4553677523291848
7.	0.9020938608221843	0.027291479450752384	0.45843801298684717
7.2	0.9062724700230923	0.02894831186311429	0.46133770360797266
7.4	0.910225481350954	0.030515320566661265	0.4640806541955239
7.6	0.9139707132743513	0.03199958902531693	0.4666792389626776
7.8	0.9175241567268002	0.03340747419371673	0.4691445629725414
8.	0.9209002035486242	0.03474469733087729	0.47148662078191206
8.2	0.9241118414983506	0.03601642152402287	0.4737144318688743
8.4	0.927170821405287	0.037227318137626045	0.47583615671360036
8.6	0.9300878009985211	0.03838162399045096	0.47785919668182747
8.8	0.932872469122843	0.03948319073575885	0.4797902802878624
9.	0.9355336533925772	0.04053552765745619	0.4816355379558514
9.2	0.938079413803581	0.04154183888416087	0.48340056702958
9.4	0.9405171243947926	0.04250505585252388	0.48509048848314995
9.6	0.9428535447020856	0.043427865712633684	0.4867099965428211
9.8	0.9450948824626535	0.04431273625522574	0.4882634022327098
10.	0.9472468487949031	0.04516193784759281	0.4897546716950029
10.200000000000001	0.9493147068865575	0.04597756278883814	0.49118746000191205
10.4	0.9513033150649187	0.04676154243181199	0.4925651410662477
10.6	0.9532171649912612	0.047515662366706596	0.4938908341658914
10.8	0.9550604156113859	0.048241575917602274	0.49516742752110393
11.	0.9568369234024833	0.04894081616665862	0.4963975992997633
11.	0.9568369234025317	0.9830025701662838	0.9701068257785787
11.2	0.958550117424068	0.9836767083603355	0.9712930628508573
11.4	0.9602031825025045	0.9843272089791075	0.9724376775697225
11.6	0.961799228768847	0.9849552946429184	0.9735428228155236
11.8	0.9633411554977521	0.9855621050825832	0.9746105055106196
12.	0.9648316686788889	0.986148704046873	0.9756425987825456
12.2	0.966273296859971	0.9867160855305509	0.9766408529308019
12.4	0.9676684054565913	0.9872651793996947	0.9776069053323403
12.6	0.9690192096992161	0.9877968564812759	0.978542289403671
12.8	0.9703277863663984	0.9883119331755897	0.9794484427227729
13.	0.9715960844349235	0.9888111756429223	0.9803267144012868
13.2	0.9728259347617639	0.989295303609612	0.9811783717865125
13.4	0.9740190588989879	0.9897649938332699	0.982004606563224
13.6	0.9751770771308863	0.9902208832622432	0.982806540317091
13.8	0.9763015158122172	0.9906635719203472	0.9835852296143242
14.	0.9773938140774583	0.9910936255443303	0.9843416706459222
14.2	0.9784553299830793	0.9915115779984557	0.9850768034794469
14.4	0.9794873461379604	0.9919179334878697	0.985791515956485
14.6	0.9804910748710345	0.9923131685900473	0.9864866472697685
14.8	0.9814676629799327	0.9926977341215264	0.9871629912502605
15.	0.9824181960997374	0.993072056855305	0.9878212993912728
15.200000000000001	0.9833437027268357	0.9934365411026514	0.9884622836338375
15.4	0.9842451579292211	0.9937915701716591	0.9890866189350367
15.6	0.985123486771394	0.9941375077136035	0.9896949456387693
15.8	0.9859795674791381	0.9944746989670452	0.990287871666458
16.	0.9868142343669396	0.9948034719086237	0.9908659745434547
16.2	0.9876282805485623	0.9951241383186084	0.9914298032753401
16.4	0.9884224604492866	0.9954369947684827	0.9919798800869357
16.6	0.9891974921365407	0.9957423235371349	0.9925167020356014
16.8	0.989954059484058	0.996040393461609	0.9930407425092987
17.	0.9906928141832725	0.9963314607278003	0.9935524526189091
17.2	0.9914143776143808	0.9966157696059884	0.9940522624934124
17.4	0.992119342588368	0.9968935531356418	0.994540582485743
17.6	0.9928082749702598	0.9971650337635327	0.9950178042964298
17.8	0.9934817151929379	0.9974304239388322	0.9954843020214832
18.	0.9941401796700388	0.9976899266685318	0.9959404331304242
18.2	0.9947841621156914	0.9979437360362464	0.9963865393798282
18.400000000000002	0.9954141347781872	0.9981920376871785	0.9968229476672886
18.6	0.9960305495940556	0.9984350092817965	0.9972499708302874
18.8	0.9966338392684791	0.9986728209205556	0.9976679083940736
19.	0.9972244182874679	0.9989056355417927	0.9980770472723063
19.2	0.9978026838667754	0.9991336092947536	0.9984776624239091
19.400000000000002	0.9983690168421181	0.9993568918895451	0.9988700174692934
19.6	0.9989237825048909	0.9995756269256639	0.9992543652688535
19.8	0.9994673313872352	0.9997899522006128	0.9996309484664022
20.	0.9999999999999999	1.	1.
1.	-4.41307719938203e-14	-4.2886461342146456e-14	-4.349972010267952e-14
1.2	0.17540192784401615	0.06968380994086118	0.12178700608722903
1.4	0.3006890476036091	0.11945793225820446	0.2087777247209951
1.6	0.3946544371975545	0.15678847562539552	0.2740207636963198
1.8	0.4677386954696566	0.18582327819431232	0.3247653495660166
2.	0.5262061817262313	0.20905104285605014	0.3653610182617742
2.2	0.574043306434987	0.22805548963216293	0.3985756562855758
2.4	0.6139076765744499	0.24389243187030127	0.4262545213054104
2.6	0.6476391738990405	0.2572928172726304	0.4496750993991167
2.8000000000000003	0.6765519996619791	0.2687787513406353	0.4697498806222935
3.	0.7016099014490313	0.27873311144200325	0.48714802434904675
3.2	0.723535689949592	0.28744305560243116	0.5023714001099558
3.4000000000000004	0.7428821027497441	0.29512817525326107	0.5158037904872285
3.6	0.7600790468609583	0.30195926372991055	0.5277436930448042
3.8000000000000003	0.7754659225555383	0.30807115787604294	0.5384267637542142
4.	0.7893142500514024	0.3135717271665155	0.5480415273926831
4.2	0.8018438314298127	0.31854829450945854	0.5567405992560596
4.4	0.8132345047573379	0.3230723059205359	0.5646488464045838
4.6000000000000005	0.823634831915152	0.32720278202129005	0.571869419888019
4.8	0.8331686144709811	0.33098890666292713	0.5784882789145012
5.	0.8419398457418125	0.33447199428036645	0.5845776292188647
5.2	0.8500365200728841	0.33768700324152423	0.5901985679613543
5.4	0.8575335956102308	0.3406637128967582	0.5954031408710668
5.6000000000000005	0.8644953221934065	0.3434276484034254	0.6002359585729427
5.800000000000001	0.8709770876152291	0.34600081420742784	0.6047354785022754
6.	0.8770268946295677	0.3484022808284553	0.6089350304363194
6.	0.8770268946295499	0.01734592817510892	0.4410398692600939
6.2	0.8826866054203489	0.01959225359063214	0.44496848235968334
6.4	0.8879928516697647	0.02169792382377217	0.4486515571405484
6.6	0.8929777758560037	0.02367571663450673	0.4521114152680278
6.8	0.8976697389894123	0.02553690651677414	0.4553677523291848
7.	0.9020938608221843	0.027291479450752384	0.45843801298684717
7.2	0.9062724700230923	0.02894831186311429	0.46133770360797266
7.4	0.910225481350954	0.030515320566661265	0.4640806541955239
7.6	0.9139707132743513	0.03199958902531693	0.4666792389626776
7.8	0.9175241567268002	0.03340747419371673	0.4691445629725414
8.	0.9209002035486242	0.03474469733087729	0.47148662078191206
8.2	0.9241118414983506	0.03601642152402287	0.4737144318688743
8.4	0.927170821405287	0.037227318137626045	0.47583615671360036
8.6	0.9300878009985211	0.03838162399045096	0.47785919668182747
8.8	0.932872469122843	0.03948319073575885	0.4797902802878624
9.	0.9355336533925772	0.04053552765745619	0.4816355379558514
9.2	0.938079413803581	0.04154183888416087	0.48340056702958
9.4	0.9405171243947926	0.04250505585252388	0.48509048848314995
9.6	0.9428535447020856	0.043427865712633684	0.4867099965428211
9.8	0.9450948824626535	0.04431273625522574	0.4882634022327098
10.	0.9472468487949031	0.04516193784759281	0.4897546716950029
10.200000000000001	0.9493147068865575	0.04597756278883814	0.49118746000191205
10.4	0.9513033150649187	0.04676154243181199	0.4925651410662477
10.6	0.9532171649912612	0.047515662366706596	0.4938908341658914
10.8	0.9550604156113859	0.048241575917602274	0.49516742752110393
11.	0.9568369234024833	0.04894081616665862	0.4963975992997633
11.	0.9568369234025317	0.9830025701662838	0.9701068257785787
11.2	0.958550117424068	0.9836767083603355	0.9712930628508573
11.4	0.9602031825025045	0.9843272089791075	0.9724376775697225
11.6	0.961799228768847	0.9849552946429184	0.9735428228155236
11.8	0.9633411554977521	0.9855621050825832	0.9746105055106196
12.	0.9648316686788889	0.986148704046873	0.9756425987825456
12.2	0.966273296859971	0.9867160855305509	0.9766408529308019
12.4	0.9676684054565913	0.9872651793996947	0.9776069053323403
12.6	0.9690192096992161	0.9877968564812759	0.978542289403671
12.8	0.9703277863663984	0.9883119331755897	0.9794484427227729
13.	0.9715960844349235	0.9888111756429223	0.9803267144012868
13.2	0.9728259347617639	0.989295303609612	0.9811783717865125
13.4	0.9740190588989879	0.9897649938332699	0.982004606563224
13.6	0.9751770771308863	0.9902208832622432	0.982806540317091
13.8	0.9763015158122172	0.9906635719203472	0.9835852296143242
14.	0.9773938140774583	0.9910936255443303	0.9843416706459222
14.2	0.9784553299830793	0.9915115779984557	0.9850768034794469
14.4	0.9794873461379604	0.9919179334878697	0.985791515956485
14.6	0.9804910748710345	0.9923131685900473	0.9864866472697685
14.8	0.9814676629799327	0.9926977341215264	0.9871629912502605
15.	0.9824181960997374	0.993072056855305	0.9878212993912728
15.200000000000001	0.9833437027268357	0.9934365411026514	0.9884622836338375
15.4	0.9842451579292211	0.9937915701716591	0.9890866189350367
15.6	0.985123486771394	0.9941375077136035	0.9896949456387693
15.8	0.9859795674791381	0.9944746989670452	0.990287871666458
16.	0.9868142343669396	0.9948034719086237	0.9908659745434547
16.2	0.9876282805485623	0.9951241383186084	0.9914298032753401
16.4	0.9884224604492866	0.9954369947684827	0.9919798800869357
16.6	0.9891974921365407	0.9957423235371349	0.9925167020356014
16.8	0.989954059484058	0.996040393461609	0.9930407425092987
17.	0.9906928141832725	0.9963314607278003	0.9935524526189091
17.2	0.9914143776143808	0.9966157696059884	0.9940522624934124
17.4	0.992119342588368	0.9968935531356418	0.994540582485743
17.6	0.9928082749702598	0.9971650337635327	0.9950178042964298
17.8	0.9934817151929379	0.9974304239388322	0.9954843020214832
18.	0.9941401796700388	0.9976899266685318	0.9959404331304242
18.2	0.9947841621156914	0.9979437360362464	0.9963865393798282
18.400000000000002	0.9954141347781872	0.9981920376871785	0.9968229476672886
18.6	0.9960305495940556	0.9984350092817965	0.9972499708302874
18.8	0.9966338392684791	0.9986728209205556	0.9976679083940736
19.	0.9972244182874679	0.9989056355417927	0.9980770472723063
19.2	0.9978026838667754	0.9991336092947536	0.9984776624239091
19.400000000000002	0.9983690168421181	0.9993568918895451	0.9988700174692934
19.6	0.9989237825048909	0.9995756269256639	0.9992543652688535
19.8	0.9994673313872352	0.9997899522006128	0.9996309484664022
20.	0.9999999999999999	1.	1.
1.	-4.41307719938203e-14	-4.2886461342146456e-14	-4.349972010267952e-14
1.02	0.02063552027864043	0.008198095913106102	0.014327883069047427
1.04	0.040477366738760505	0.0160808804077522	0.028104693712404052
1.06	0.059570464350965406	0.02366620126357227	0.04136162470884164
1.08	0.07795641031038106	0.030970584202410816	0.05412755826096664
1.1	0.0956737765615262	0.03800935307548404	0.06642927604755969
1.12	0.11275837991003579	0.0447967371731975	0.078291646770346
1.14	0.1292435237014982	0.05134596723926257	0.08973779395899935
1.16	0.14516021449906824	0.0576693615522877	0.10078924641700955
1.18	0.1605373567260064	0.06377840325336695	0.1114660733679686
1.2	0.17540192784401615	0.06968380994086118	0.12178700608722903
1.22	0.18977913630093515	0.07539559641977979	0.13176954756979237
1.24	0.20369256419313134	0.08092313137867667	0.14143007158517618
1.26	0.21716429634101062	0.08627518866873968	0.15078391229848442
1.28	0.23021503726366815	0.09145999377549097	0.15984544548950172
1.3	0.24286421735599395	0.09648526600068347	0.16862816227464159
1.32	0.25513008941318077	0.10135825680960658	0.17714473612689838
1.34	0.26702981651126506	0.10608578474428837	0.1854070838940133
1.36	0.2785795521336228	0.1106742672560025	0.19342642143268357
1.3800000000000001	0.28979451332979295	0.11512974976988034	0.2012133144050156
1.4	0.3006890476036091	0.11945793225820446	0.2087777247209951
1.42	0.3112766941488657	0.12366419356802465	0.21612905305624294
1.44	0.3215702399819005	0.12775361372157712	0.22327617782662285
1.46	0.3315817714606326	0.13173099438370434	0.23022749095945805
1.48	0.3413227216263022	0.1356008776698318	0.23699093076437877
1.5	0.3508039137580156	0.1393675634491654	0.24357401217450164
1.52	0.36003560148854125	0.14303512528207227	0.24998385460014752
1.54	0.36902750579444754	0.14660742511534802	0.2562272076121403
1.56	0.37778884914067196	0.15008812684724634	0.26231047464946666
1.58	0.3863283870318958	0.15348070886219078	0.26823973492635433
1.6	0.3946544371975545	0.15678847562539552	0.2740207636963198
1.62	0.40277490661504445	0.1600145684185765	0.27965905101517496
1.6400000000000001	0.4106973165555248	0.16316197529021745	0.2851598191311313
1.66	0.41842882581926083	0.16623354028646	0.2905280386177874
1.68	0.4259762523112602	0.16923197202268406	0.29576844335476127
1.7	0.4333460930939657	0.17215985164999315	0.3008855444508652
1.72	0.44054454304082463	0.17501964026599456	0.30588364319589684
1.74	0.4475775122035753	0.1778136858143258	0.3107668431192037
1.76	0.4544506419951865	0.18054422951396573	0.3155390612260717
1.78	0.46116932028200747	0.18321341185492088	0.32020403847660567
1.8	0.4677386954696566	0.18582327819431232	0.3247653495660166
1.82	0.4741636896602039	0.18837578398345886	0.329226412060056
1.84	0.480449010951283	0.19087279965405435	0.3335904949346596
1.86	0.48659916494169236	0.1933161151891304	0.33786072656464816
1.8800000000000001	0.4926184655026513	0.19570744440219878	0.3420401022025092
1.9	0.49851104486867065	0.198048428946228	0.3461314909848364
1.92	0.5042808630978316	0.20034064207197022	0.3501376425008651
1.94	0.5099317169468545	0.2025855921538563	0.3540611929547076
1.96	0.515467248202798	0.2047847260000119	0.3579046709503085
1.98	0.5208909515097964	0.2069394319616822	0.36167050292579617
2.	0.5262061817262313	0.20905104285605014	0.3653610182617742
2.02	0.5314161608448018	0.21112083871546322	0.36897845408614866
2.04	0.5365239845055605	0.21315004937491425	0.3725249597963196
2.06	0.5415326281295121	0.21513985690882967	0.3760026013179436
2.08	0.5464449526984009	0.21709139792722681	0.37941336511799795
2.1	0.5512637102041942	0.2190057657406894	0.3827591619885274
2.12	0.5559915487900996	0.22088401240280453	0.3860418306162167
2.14	0.5606310176033275	0.2227271506380428	0.38926314095179965
2.16	0.5651845713782087	0.2245361556625805	0.39242479739227926
2.18	0.5696545747671014	0.22631196690482347	0.3955284417879793
2.2	0.574043306434987	0.22805548963216293	0.3985756562855758
2.22	0.5783529629328096	0.22976759648972608	0.4015679660174499
2.24	0.5825856623632599	0.23144912895674719	0.40450684164696893
2.2600000000000002	0.586743447851938	0.2331008987255901	0.4073937017786205
2.2800000000000002	0.5908282908358251	0.23472368900818535	0.41022991524129565
2.3	0.5948420941801914	0.23631825577430016	0.413016803252446
2.32	0.5987866951342525	0.23788532892578895	0.4157556414703007
2.34	0.6026638681352952	0.23942561341058688	0.41844766194084165
2.36	0.6064753274701763	0.24093979028010143	0.4210940549457802
2.38	0.610222729802678	0.24242851769324392	0.4236959707573585
2.4	0.6139076765744499	0.24389243187030127	0.4262545213054104
2.42	0.617531716286924	0.24533214799948266	0.4287707817617591
2.44	0.6210963466709979	0.24674826109888792	0.4312457920466921
2.46	0.6246030167508586	0.2481413468364488	0.43368055826195145
2.48	0.6280531288079984	0.24951196231014364	0.436076054054384
2.5	0.6314480402508843	0.25086064679083264	0.4384332219141377
2.52	0.6347890653956546	0.2521879224296623	0.4407529744110381
2.54	0.6380774771626698	0.25349429493206826	0.44303619537255434
2.56	0.6413145086935178	0.2547802542002015	0.4452837410065468
2.58	0.6445013548928612	0.2560462749454273	0.44749644097179525
2.6	0.6476391738990405	0.2572928172726304	0.4496750993991167
2.62	0.6507290884874036	0.258520327237682	0.45182049586571577
2.64	0.6537721874098039	0.2597292373796081	0.4539333863252451
2.66	0.6567695266736819	0.2609199672287383	0.4560145039959094
2.68	0.6597221307638526	0.2620929237921234	0.4580645602088026
2.7	0.6626309938100472	0.26324850201732525	0.46008424521854174
2.72	0.6654970807028538	0.264387085235833	0.4620742289781377
2.74	0.6683213281609199	0.2655090455869301	0.4640351618799293
2.7600000000000002	0.6711046457515905	0.26661474442328986	0.46596767546430373
2.7800000000000002	0.6738479168676194	0.2677045326989389	0.46787238309782375
2.8	0.6765519996619791	0.2687787513406353	0.46974988062229345
2.82	0.6792177279428627	0.2698377316034692	0.4716007469762034
2.84	0.6818459120309112	0.27088179541139956	0.4734255447899174
2.86	0.6844373395804676	0.27191125568350577	0.47522482095588714
2.88	0.6869927763665691	0.27292641664668826	0.47699910717510735
2.9	0.6895129670394305	0.2739275741353752	0.4787489204809589
2.92	0.6919986358478989	0.2749150158789352	0.4804747637415249
2.94	0.6944504873333571	0.275889021777377	0.48217712614140296
2.96	0.6968692069955397	0.276849864165835	0.4838564836439853
2.98	0.6992554619314991	0.2777978080684369	0.48551329943512356
3.	0.7016099014490313	0.27873311144200325	0.48714802434904675
3.02	0.7039331576557266	0.2796560254100593	0.48876109727735495
3.04	0.706225846024773	0.280566794487609	0.49035294556186965
3.06	0.708488565938544	0.2814656567971199	0.491923985372077
3.08	0.7107219012110434	0.28235284427605567	0.493474622067866
3.1	0.712926420590111	0.28322858287639446	0.49500525054822564
3.12	0.7151026782403113	0.28409309275646993	0.4965162555865293
3.14	0.717251214207355	0.28494658846549875	0.49800801215300733
3.16	0.7193725548649154	0.28578927912106544	0.49948088572497307
3.18	0.7214672133445701	0.2866213685799257	0.5009352325853418
3.2	0.723535689949592	0.28744305560243116	0.5023714001099558
3.22	0.7255784725533662	0.28825453401078144	0.503789727044202
3.24	0.7275960369830264	0.2890559928414376	0.5051905437693834
3.2600000000000002	0.7295888473889499	0.289847616491946	0.5065741725592865
3.2800000000000002	0.7315573566008	0.29062958486232504	0.5079409278273616
3.3000000000000003	0.7335020064705282	0.2914020734914035	0.5092911163649144
3.32	0.7354232282030565	0.2921652536881533	0.5106250375706897
3.34	0.737321442675047	0.2929192926583359	0.511942983672204
3.36	0.7391970607422981	0.2936643536266141	0.5132452399391766
3.38	0.741050483536189	0.29440059595436613	0.5145320848893802
3.4	0.7428821027497422	0.29512817525326285	0.5158037904872285
3.42	0.7446923009135397	0.295847243494966	0.5170606223353944
3.44	0.7464814516621239	0.29655794911689237	0.5183028398597443
3.46	0.7482499199910856	0.2972604371243827	0.5195306964878591
3.48	0.7499980625053067	0.2979548491893269	0.5207444398213977
3.5	0.7517262276587056	0.29864132374539487	0.5219443118025531
3.52	0.7534347559857897	0.29931999608004123	0.5231305488748318
3.54	0.7551239803253678	0.2999909984233796	0.5243033821383841
3.56	0.7567942260367365	0.3006544600340495	0.5254630375000988
3.58	0.7584458112085789	0.3013105072822435	0.5266097358186658
3.6	0.7600790468609583	0.30195926372991055	0.5277436930448042
3.62	0.7616942371405472	0.30260085020836724	0.5288651203568417
3.64	0.7632916795094993	0.3032353848932747	0.529974224291824
3.66	0.7648716649280367	0.3038629833772442	0.5310712068723255
3.68	0.7664344780311761	0.30448375873998873	0.5321562657291258
3.7	0.767980397299661	0.3050978216162569	0.5332295942199066
3.72	0.7695096952253977	0.3057052802615594	0.53429138154412
3.74	0.771022638471587	0.30630624061578204	0.5353418128541706
3.7600000000000002	0.7725194880277605	0.30690080636475553	0.5363810693630505
3.7800000000000002	0.774000499359845	0.3074890789999173	0.537409328448556
3.8000000000000003	0.7754659225555383	0.30807115787604294	0.5384267637542142
3.82	0.776916002465105	0.3086471402671735	0.5394335452870381
3.84	0.7783509788377648	0.30921712142080504	0.5404298395122284
3.86	0.779771086453835	0.30978119461040005	0.5414158094449298
3.88	0.7811765552528072	0.3103394511862502	0.5423916147391498
3.9	0.7825676104574588	0.31089198062480183	0.5433574117739418
3.92	0.7839444726941893	0.31143887057644654	0.5443133537369502
3.94	0.7853073581096778	0.3119802069118689	0.5452595907054103
3.96	0.7866564784839915	0.3125160737670039	0.546196269724694
3.98	0.7879920413403253	0.31304655358659944	0.5471235348844875
4.	0.7893142500514024	0.3135717271665155	0.5480415273926831
4.0200000000000005	0.7906233039427306	0.3140916736947321	0.5489503856470657
4.04	0.7919193983927758	0.3146064707911517	0.5498502453048703
4.0600000000000005	0.7932027249301862	0.3151161945462167	0.5507412393502826
4.08	0.7944734713281375	0.31562091955840865	0.5516234981599557
4.1	0.7957318216959494	0.31612071897061855	0.5524971495666076
4.12	0.7969779565679957	0.3166156645054944	0.5533623189207678
4.14	0.7982120529900663	0.31710582649973607	0.554219129150733
4.16	0.7994342846032243	0.3175912739374155	0.5550677008207948
4.18	0.8006448217252577	0.3180720744823354	0.5559081521877939
4.2	0.8018438314298127	0.31854829450945854	0.5567405992560596
4.22	0.8030314776232493	0.3190199991354672	0.5575651558307873
4.24	0.8042079211193629	0.3194872522484189	0.5583819335699043
4.26	0.8053733197119772	0.31995011653659006	0.5591910420344756
4.28	0.8065278282454815	0.32040865351653014	0.5599925887376958
4.3	0.8076715986834677	0.32086292356026713	0.5607866791925138
4.32	0.8088047801753475	0.32131298592186736	0.5615734169579355
4.34	0.8099275191212746	0.3217588987631168	0.5623529036840446
4.36	0.8110399592351362	0.3222007191786375	0.5631252391557856
4.38	0.8121422416059138	0.32263850322022186	0.5638905213355473
4.4	0.8132345047573379	0.3230723059205359	0.5646488464045838
4.42	0.8143168847059236	0.3235021813161781	0.5654003088033124
4.44	0.8153895150174344	0.3239281824701172	0.5661450012705208
4.46	0.8164525268618329	0.32435036149352287	0.5668830148815212
4.48	0.8175060490667673	0.3247687695670021	0.5676144390852804
4.5	0.8185502081696152	0.32518345696128487	0.5683393617405618
4.5200000000000005	0.8195851284681438	0.32559447305736544	0.5690578691511061
4.54	0.8206109320698686	0.3260018663660702	0.5697700460998837
4.5600000000000005	0.8216277389400604	0.32640568454716684	0.5704759758824437
4.58	0.8226356669485199	0.32680597442794435	0.571175740339392
4.6	0.823634831915151	0.3272027820212909	0.571869419888019
4.62	0.8246253476543034	0.32759615254335084	0.572557093553108
4.64	0.8256073260180293	0.32798613043065944	0.5732388389969463
4.66	0.8265808769381527	0.328372759356915	0.5739147325485628
4.68	0.8275461084673404	0.3287560822492381	0.5745848492322168
4.7	0.8285031268190487	0.3291361413040896	0.5752492627951588
4.72	0.8294520364065163	0.32951297800272694	0.575908045734686
4.74	0.8303929398807312	0.32988663312630395	0.5765612693245127
4.76	0.8313259381674523	0.3302571467705782	0.5772090036404751
4.78	0.832251130503307	0.33062455836024707	0.5778513175855927
4.8	0.8331686144709811	0.33098890666292713	0.5784882789145012
4.82	0.8340784860335186	0.331350229802801	0.5791199542572775
4.84	0.8349808395678124	0.33170856527388454	0.5797464091426755
4.86	0.8358757678972211	0.33206394995301414	0.5803677080207862
4.88	0.8367633623234055	0.3324164201124905	0.580983914285142
4.9	0.8376437126573882	0.332766011432412	0.5815950902942785
4.92	0.8385169072498553	0.333112759012709	0.5822012973927717
4.94	0.8393830330207074	0.33345669738489536	0.5828025959317629
4.96	0.8402421754879118	0.33379786052352545	0.583399045288988
4.98	0.841094418795653	0.33413628185737787	0.5839907038883236
5.	0.8419398457418125	0.33447199428036645	0.5845776292188647
5.0200000000000005	0.8427785378047771	0.33480503016220614	0.585159877853545
5.04	0.843610575169631	0.3351354213588009	0.585737505467315
5.0600000000000005	0.8444360367537079	0.33546319922240736	0.5863105668548892
5.08	0.8452550002315513	0.33578839461154264	0.5868791159480731
5.1	0.8460675420592743	0.33611103790067487	0.587443205832683
5.12	0.8468737374983694	0.3364311589896656	0.5880028887650693
5.14	0.847673660638947	0.33674878731300495	0.5885582161882542
5.16	0.848467384422422	0.33706395184884685	0.5891092387476936
5.18	0.8492549806637122	0.33737668112779395	0.5896560063066738
5.2	0.8500365200728841	0.33768700324152423	0.5901985679613543
5.22	0.8508120722763266	0.33799494585118883	0.5907369720554624
5.24	0.8515817058374304	0.3383005361956324	0.5912712661946538
5.26	0.8523454882767991	0.338603801099418	0.5918014972605432
5.28	0.8531034860919944	0.3389047669806782	0.5923277114244184
5.3	0.8538557647768423	0.3392034598587805	0.5928499541606418
5.32	0.8546023888402964	0.3394999053618262	0.5933682702597506
5.34	0.855343421824891	0.33979412873396847	0.5938827038412632
5.36	0.8560789263247538	0.34008615484259197	0.5943932983661973
5.38	0.8568089640032581	0.3403760081852939	0.5949000966493102
5.4	0.8575335956102308	0.3406637128967582	0.5954031408710668
5.42	0.8582528809988347	0.3409492927554249	0.5959024725893418
5.44	0.8589668791420323	0.3412327711900585	0.5963981327508648
5.46	0.8596756481487201	0.3415141712861378	0.5968901617024133
5.48	0.8603792452794803	0.34179351579213646	0.5973785992017606
5.5	0.8610777269620219	0.3420708271256334	0.5978634844283853
5.5200000000000005	0.8617711488062538	0.3423461273793223	0.5983448559939477
5.54	0.8624595656190598	0.34261943832686287	0.5988227519525385
5.5600000000000005	0.8631430314187325	0.3428907814286269	0.5992972098107078
5.58	0.863821599449111	0.3431601778373098	0.5997682665372772
5.6000000000000005	0.8644953221934065	0.3434276484034254	0.6002359585729427
5.62	0.8651642513877388	0.3436932136806842	0.6007003218396709
5.64	0.865828438034378	0.34395689393125756	0.6011613917498976
5.66	0.8664879324147227	0.3442187091309178	0.601619203215529
5.68	0.8671427841019739	0.3444786789740964	0.6020737906567547
5.7	0.8677930419735747	0.34473682287880636	0.6025251880106735
5.72	0.8684387542233656	0.34499315999148145	0.6029734287397395
5.74	0.869079968373495	0.3452477091917077	0.6034185458400317
5.76	0.8697167312860812	0.34550048909685427	0.6038605718493496
5.78	0.8703490891746315	0.3457515180666112	0.6042995388551428
5.8	0.8709770876152291	0.34600081420742784	0.6047354785022754
5.82	0.87160077155748	0.3462483953768696	0.6051684220006305
5.84	0.8722201853352364	0.3464942791878828	0.6055984001325584
5.86	0.8728353726771194	0.34673848301295535	0.6060254432601728
5.88	0.8734463767168019	0.3469810239882162	0.6064495813324975
5.9	0.8740532400030863	0.34722191901744637	0.6068708438924673
5.92	0.8746560045097959	0.3474611847759926	0.6072892600837886
5.94	0.875254711645452	0.34769883771461674	0.60770485865766
5.96	0.8758494022627513	0.34793489406326955	0.6081176679793577
5.98	0.8764401166678691	0.34816936983477614	0.6085277160346896
6.	0.8770268946295677	0.3484022808284553	0.6089350304363194
6.	0.8770268946295499	0.01734592817510892	0.4410398692600939
6.02	0.8776097759319534	0.01757728945180448	0.4414444772537393
6.04	0.87818879983464	0.017807115870551542	0.44184640572424805
6.06	0.8787640045398663	0.018035422618069945	0.44224568120155205
6.08	0.8793354277472097	0.01826222468127209	0.44264232986650537
6.1	0.8799031066618399	0.018487536850508236	0.4430363775566065
6.12	0.8804670780025768	0.018711373722798064	0.44342784977160904
6.14	0.8810273780098211	0.018933749704969832	0.44381677167902195
6.16	0.8815840424533206	0.0191546790167493	0.44420316811950356
6.18	0.8821371066397858	0.01937417569378601	0.4445870636121504
6.2	0.8826866054203489	0.01959225359063214	0.44496848235968334
6.22	0.8832325731979078	0.019808926383635125	0.4453474482535344
6.24	0.883775043934282	0.0200242075738192	0.4457239848788352
6.26	0.8843140511572888	0.020238110489657995	0.4460981155193097
6.28	0.8848496279676434	0.020450648289831105	0.4464698631620742
6.3	0.8853818070457087	0.02066183396594958	0.446839250502345
6.32	0.8859106206581946	0.02087168034515164	0.44720629994805705
6.34	0.8864361006646594	0.021080200092719145	0.4475710336243956
6.36	0.8869582785239023	0.021287405714632224	0.4479334733782414
6.38	0.88747718530026	0.021493309560051143	0.4482936407825333
6.4	0.8879928516697647	0.02169792382377217	0.4486515571405484
6.42	0.8885053079261931	0.02190126054863065	0.4490072434901024
6.44	0.8890145839869985	0.022103331627864778	0.44936072060767157
6.46	0.8895207093991487	0.022304148807419127	0.4497120090124384
6.48	0.8900237133448186	0.022503723688242053	0.45006112897026224
6.5	0.8905236246470317	0.022702067728486628	0.4504081004975764
6.52	0.891020471775151	0.022899192245719555	0.4507529433652138
6.54	0.8915142828502869	0.023095108419069782	0.4510956771021623
6.56	0.8920050856506136	0.023289827291330573	0.45143632099925135
6.58	0.8924929076165757	0.02348335977103832	0.45177489411277144
6.6	0.8929777758560037	0.02367571663450673	0.4521114152680278
6.62	0.8934597171491424	0.02386690852782062	0.4524459030628294
6.64	0.893938757953585	0.024056945968797493	0.45277837587091535
6.66	0.8944149244091181	0.02424583934891216	0.4531088518453191
6.68	0.8948882423424702	0.024433598935196723	0.45343734892167253
6.7	0.8953587372719897	0.02462023487209379	0.45376388482145075
6.72	0.8958264344122489	0.024805757183264842	0.4540884770551588
6.74	0.8962913586785176	0.024990175773416095	0.45441114292546214
6.76	0.8967535346912311	0.025173500430016992	0.4547318995302606
6.78	0.8972129867803016	0.02535574082506761	0.45505076376570935
6.8	0.8976697389894123	0.02553690651677414	0.4553677523291848
6.82	0.8981238150802175	0.025717006951215517	0.4556828817222
6.84	0.8985752385364396	0.025896051464006573	0.4559961682532677
6.86	0.8990240325679579	0.026074049281873655	0.45630762804071406
6.88	0.8994702201147554	0.026251009524268953	0.4566172770154427
6.9	0.8999138238508478	0.02642694120490881	0.45692513092365117
6.92	0.9003548661881362	0.02660185323329207	0.45723120532950007
6.94	0.9007933692801461	0.02677575441623866	0.457535515617736
6.96	0.9012293550257858	0.0269486534593204	0.45783807699626944
6.98	0.901662845072962	0.02712055896834295	0.45813890449870814
7.	0.9020938608221843	0.027291479450752384	0.45843801298684717
7.0200000000000005	0.9025224234300747	0.02746142331705063	0.45873541715311644
7.04	0.9029485538128473	0.027630398882158184	0.4590311315229864
7.06	0.9033722726496942	0.02779841436678579	0.4593251704573331
7.08	0.9037936003861631	0.02796547789873684	0.4596175481547626
7.1	0.9042125572374068	0.028131597514255088	0.45990827865389666
7.12	0.9046291631914519	0.028296781159280405	0.4601973758356199
7.14	0.905043438012375	0.0284610366907162	0.46048485342528866
7.16	0.9054554012434156	0.028624371877689285	0.4607707249949034
7.18	0.9058650722100673	0.02878679440275597	0.46105500396524457
7.2	0.9062724700230923	0.02894831186311429	0.46133770360797266
7.22	0.9066776135815019	0.029108931771780512	0.4616188370476939
7.24	0.9070805215754763	0.029268661558756497	0.4618984172639914
7.26	0.9074812124892478	0.02942750857216545	0.46217645709342214
7.28	0.9078797046039218	0.02958548007938688	0.4624529692314825
7.3	0.9082760160002558	0.02974258326816315	0.4627279662345397
7.32	0.9086701645614218	0.029898825247665118	0.4630014605217332
7.34	0.9090621679756582	0.03005421304959988	0.4632734643768439
7.36	0.9094520437389605	0.030208753629223883	0.4635439899501334
7.38	0.9098398091576502	0.030362453866411503	0.463813049260153
7.4	0.910225481350954	0.030515320566661265	0.4640806541955239
7.42	0.9106090772535405	0.03066736046207995	0.46434681651668785
7.44	0.910990613617968	0.03081858021240387	0.46461154785763054
7.46	0.9113701070171487	0.030968986405945146	0.4648748597275762
7.48	0.9117475738467476	0.031118585560549507	0.46513676351265587
7.5	0.91212303032754	0.031267384124541345	0.46539727047754836
7.5200000000000005	0.912496492507736	0.031415388477650255	0.4656563917670958
7.54	0.9128679762652779	0.03156260493191052	0.46591413840789225
7.56	0.9132374973100884	0.03170903973256173	0.46617052130984854
7.58	0.9136050711862804	0.031854699058937175	0.4664255512677312
7.6	0.9139707132743513	0.03199958902531693	0.4666792389626776
7.62	0.9143344387933223	0.03214371568179097	0.46693159496368725
7.64	0.9146962628028446	0.032287085015105535	0.4671826297290896
7.66	0.9150562002052988	0.032429702949472505	0.4674323536079885
7.68	0.9154142657478311	0.03257157534739302	0.46768077684168474
7.7	0.915770474024364	0.032712708010467564	0.4679279095650762
7.72	0.9161248394775933	0.03285310668016945	0.46817376180803544
7.74	0.916477376400934	0.0329927770386314	0.4684183434967676
7.76	0.9168280989404449	0.03313172470940862	0.4686616644551454
7.78	0.9171770210967356	0.03326995525821923	0.4689037344060252
7.8	0.9175241567268002	0.03340747419371673	0.4691445629725414
7.82	0.9178695195458867	0.033544286968185816	0.4693841596793824
7.84	0.9182131231292915	0.033680398978277085	0.46962253395404563
7.86	0.9185549809141318	0.03381581556572006	0.4698596951280744
7.88	0.9188951062011159	0.03395054201800619	0.47009565243827567
7.9	0.919233512156261	0.03408458356908283	0.470330415027919
7.92	0.9195702118125856	0.034217945400037475	0.4705639919479175
7.94	0.9199052180717965	0.03435063263975184	0.47079639215799174
7.96	0.920238543705949	0.03448265036554792	0.47102762452781427
7.98	0.9205702013590357	0.03461400360386854	0.4712576978381389
8.	0.9209002035486242	0.03474469733087729	0.47148662078191206
8.02	0.9212285626674118	0.03487473647310713	0.47171440196536707
8.040000000000001	0.9215552909847922	0.03500412590806412	0.47194104990910335
8.06	0.9218804006483712	0.035132870464849635	0.47216657304914866
8.08	0.9222039036854832	0.03526097492474991	0.47239097973800565
8.1	0.922525812004678	0.03538844402182515	0.4726142782456831
8.12	0.9228461373971736	0.03551528244350002	0.47283647676071183
8.14	0.9231648915383134	0.03564149483112271	0.47305758339114595
8.16	0.923482085988963	0.035767085780550226	0.47327760616554837
8.18	0.9237977321969358	0.03589205984268111	0.4734965530339636
8.2	0.9241118414983506	0.03601642152402287	0.4737144318688743
8.22	0.9244244251190049	0.03614017528721832	0.47393125046614565
8.24	0.924735494175706	0.036263325551585394	0.47414701654595437
8.26	0.9250450596775921	0.03638587669364031	0.47436173775370605
8.28	0.9253531325274333	0.036507833047613215	0.4745754216609371
8.3	0.9256597235229082	0.036629198905964284	0.4747880757662056
8.32	0.9259648433578814	0.036749978519868914	0.47499970749596804
8.34	0.9262685026236303	0.036870176099732685	0.47521032420544373
8.36	0.9265707118100829	0.03698979581566768	0.47541993317946746
8.38	0.9268714813070221	0.037108841797978374	0.47562854163332885
8.4	0.927170821405287	0.037227318137626045	0.47583615671360036
8.42	0.9274687422979381	0.03734522888670725	0.4760427854989537
8.44	0.9277652540814154	0.037462578058913246	0.47624843500096414
8.46	0.9280603667566899	0.03757936962997497	0.47645311216490366
8.48	0.9283540902303804	0.03769560753812067	0.4766568238705227
8.5	0.9286464343158712	0.037811295684507515	0.4768595769328211
8.52	0.9289374087343969	0.03792643793366884	0.47706137810280835
8.540000000000001	0.929227023116126	0.038041038113935575	0.47726223406825224
8.56	0.9295152870012298	0.03815510001785608	0.4774621514544184
8.58	0.9298022098409312	0.03826862740261291	0.47766113682479827
8.6	0.9300878009985211	0.03838162399045096	0.47785919668182747
8.62	0.930372069750406	0.03849409346905674	0.47805633746759435
8.64	0.9306550252870902	0.038606039491981256	0.47825256556453827
8.66	0.9309366767141832	0.038717465679017626	0.4784478872961384
8.68	0.9312170330533712	0.03882837561659814	0.4786423089275928
8.7	0.931496103243375	0.03893877285818361	0.4788358366664889
8.72	0.9317738961409203	0.03904866092462298	0.4790284766634633
8.74	0.9320504205216557	0.03915804330454564	0.47922023501285443
8.76	0.9323256850810914	0.03926692345471794	0.47941111775334416
8.78	0.9325996984355053	0.03937530480041064	0.47960113086859246
8.8	0.932872469122843	0.03948319073575885	0.4797902802878624
8.82	0.933144005603619	0.039590584624101616	0.47997857188663684
8.84	0.9334143162617689	0.03969748979835196	0.4801660114872267
8.86	0.9336834094055336	0.0398039095613242	0.4803526048593715
8.88	0.9339512932683095	0.039909847186072184	0.4805383577208309
8.9	0.9342179760094684	0.040015305916245116	0.48072327573796925
8.92	0.9344834657152254	0.040120288966380334	0.4809073645263311
8.94	0.9347477703994211	0.04022479952226428	0.48109062965121036
8.96	0.9350108980043486	0.040328840741234	0.4812730766282107
8.98	0.9352728564015453	0.040432415752499035	0.48145471092379905
9.	0.9355336533925772	0.04053552765745619	0.4816355379558514
9.02	0.9357932967098228	0.040638179529989354	0.48181556309419177
9.040000000000001	0.9360517940172272	0.040740374416785435	0.48199479166112363
9.06	0.9363091529110654	0.04084211533762582	0.4821732289319542
9.08	0.9365653809206799	0.04094340528569105	0.48235088013551236
9.1	0.9368204855092293	0.04104424722783994	0.4825277504546593
9.12	0.9370744740743998	0.04114464410491221	0.4827038450267924
9.14	0.9373273539491299	0.041244598832005236	0.4828791689443429
9.16	0.9375791324023122	0.04134411429875925	0.4830537272552665
9.18	0.937829816639498	0.04144319336962893	0.4832275249635282
9.2	0.938079413803581	0.04154183888416087	0.48340056702958
9.22	0.9383279309754741	0.04164005365726662	0.48357285837083336
9.24	0.9385753751747891	0.04173784047948147	0.48374440386212453
9.26	0.9388217533604827	0.041835202117241635	0.4839152083361747
9.28	0.9390670724315382	0.04193214131311924	0.48408527658404366
9.3	0.9393113392275748	0.042028660786110575	0.48425461335557773
9.32	0.939554560529515	0.04212476323186127	0.48442322335985194
9.34	0.9397967430601931	0.04222045132293467	0.4845911112656068
9.36	0.9400378934849863	0.042315727709049386	0.4847582817016789
9.38	0.9402780184124231	0.04241059501732628	0.4849247392574267
9.4	0.9405171243947926	0.04250505585252388	0.48509048848314995
9.42	0.9407552179287346	0.042599112797283456	0.4852555338905049
9.44	0.9409923054558323	0.04269276841235982	0.4854198799529135
9.46	0.9412283933631996	0.042786025236847575	0.4855835311059674
9.48	0.9414634879840427	0.04287888578842156	0.48574649174782686
9.5	0.941697595598244	0.042971352563547505	0.4859087662396154
9.52	0.9419307224329098	0.04306342803771628	0.48607035890580813
9.540000000000001	0.9421628746629227	0.043155114665664324	0.4862312740346164
9.56	0.942394058411502	0.043246414881577426	0.486391515878367
9.58	0.9426242797507286	0.04333733109931872	0.4865510886538763
9.6	0.9428535447020856	0.043427865712633684	0.4867099965428211
9.62	0.9430818592369709	0.04351802109537112	0.4868682436921029
9.64	0.9433092292772446	0.04360779960166292	0.48702583421420925
9.66	0.9435356606957123	0.04369720356615695	0.48718277218756983
9.68	0.9437611593166426	0.0437862353042078	0.48733906165690827
9.7	0.9439857309162801	0.043874897112063875	0.4874947066335896
9.72	0.9442093812233178	0.04396319126708429	0.48764971109596367
9.74	0.9444321159194026	0.04405112002791603	0.48780407898970374
9.76	0.9446539406396057	0.04413868563469765	0.48795781422814155
9.78	0.9448748609729036	0.04422589030924348	0.48811092069259804
9.8	0.9450948824626535	0.04431273625522574	0.4882634022327098
9.82	0.9453140106070484	0.04439922565836851	0.4884152626667519
9.84	0.9455322508595833	0.044485360686622726	0.4885665057819563
9.86	0.9457496086295045	0.04457114349035106	0.48871713533482736
9.88	0.9459660892822563	0.04465657620250681	0.48886715505145195
9.9	0.9461816981399318	0.04474166093880109	0.48901656862780735
9.92	0.9463964404816975	0.04482639979788912	0.48916537973006446
9.94	0.9466103215442386	0.044910794861529525	0.48931359199488805
9.96	0.946823346522169	0.04499484819476843	0.48946120902973245
9.98	0.947035520568472	0.04507856184608966	0.48960823441313445
10.	0.9472468487949031	0.04516193784759281	0.4897546716950029
10.02	0.9474573362724056	0.04524497821515294	0.48990052439690385
10.040000000000001	0.9476669880315163	0.045327684948582976	0.49004579601234305
10.06	0.9478758090627658	0.04541006003179422	0.49019049000704484
10.08	0.9480838043170852	0.045492105432945844	0.49033460981922805
10.1	0.9482909787061822	0.045573823104614754	0.49047815885987783
10.12	0.9484973371029359	0.045655214983943426	0.49062114051301514
10.14	0.9487028843417904	0.04573628299278218	0.4907635581359626
10.16	0.9489076252191126	0.045817029037858156	0.49090541505960705
10.18	0.9491115644935827	0.04589745501090994	0.4910467145886596
10.2	0.9493147068865585	0.04597756278883725	0.491187460001912
10.22	0.9495170570824342	0.04605735423385409	0.49132765455249017
10.24	0.9497186197290154	0.046136831193617674	0.4914673014681052
10.26	0.9499193994378616	0.04621599550138446	0.4916064039513006
10.28	0.9501194007846478	0.046294848976141494	0.4917449651796976
10.3	0.9503186283095055	0.04637339342275137	0.49188298830623683
10.32	0.9505170865173768	0.04645163063208034	0.4920204764594173
10.34	0.950714779878349	0.04652956238113953	0.49215743274353324
10.36	0.9509117128279833	0.04660719043322556	0.4922938602389074
10.38	0.9511078897676648	0.046684516538036	0.4924297620021222
10.4	0.9513033150649187	0.04676154243181199	0.4925651410662477
10.42	0.9514979930537383	0.046838269837465196	0.49270000044106743
10.44	0.9516919280349047	0.046914700464705895	0.49283434311330176
10.46	0.9518851242763088	0.046990836010165814	0.4929681720468277
10.48	0.9520775860132581	0.04706667815752802	0.4931014901828974
10.5	0.9522693174487966	0.0471422285776441	0.49323430044035355
10.52	0.952460322754	0.04721748892866363	0.4933666057158422
10.540000000000001	0.9526506060682882	0.04729246085614858	0.49349840888402347
10.56	0.9528401714997273	0.04736714599318873	0.4936297127977798
10.58	0.9530290231253085	0.047441545960537006	0.4937605202884217
10.6	0.9532171649912612	0.047515662366706596	0.4938908341658914
10.62	0.9534046011133347	0.047589496808094066	0.4940206572189639
10.64	0.9535913354770817	0.047663050869095974	0.49414999221544587
10.66	0.9537773720381476	0.047736326122215025	0.49427884190237253
10.68	0.9539627147225461	0.04780932412817662	0.49440720900620205
10.7	0.9541473674269341	0.04788204643604057	0.494535096233008
10.72	0.9543313340188967	0.04795449458329844	0.49466250626866914
10.74	0.9545146183372057	0.04802667009599439	0.4947894417790578
10.76	0.9546972241920877	0.048098574488830384	0.49491590541022557
10.78	0.9548791553654981	0.04817020926526264	0.49504189978858765
10.8	0.9550604156113859	0.048241575917602274	0.49516742752110393
10.82	0.9552410086559247	0.048312675927146775	0.4952924911954593
10.84	0.9554209381978044	0.04838351076424541	0.4954170933802414
10.86	0.9556002079084636	0.0484540818884217	0.49554123662511645
10.88	0.9557788214323435	0.048524390748468246	0.4956649234610029
10.9	0.9559567823871439	0.048594438782538316	0.495788156400244
10.92	0.9561340943640507	0.048664227418258724	0.49591093793677715
10.94	0.9563107609279987	0.04873375807280796	0.4960332705463029
10.96	0.956486785617896	0.04880303215302487	0.4961551566864508
10.98	0.9566621719468651	0.04887205105549904	0.4962765987969443
11.	0.9568369234024833	0.04894081616665862	0.4963975992997633
11.	0.9568369234025317	0.9830025701662838	0.9701068257785787
11.02	0.9570110419110552	0.983071084355186	0.9702273870781206
11.04	0.9571845293810683	0.983139350473706	0.9703475115613597
11.06	0.9573573892359407	0.9832073698676016	0.970467201598005
11.08	0.9575296248743239	0.9832751438729126	0.9705864595406551
11.1	0.957701239670375	0.9833426738160507	0.9707052877249533
11.12	0.9578722369739768	0.9834099610138846	0.9708236884697399
11.14	0.9580426201109548	0.9834770067738259	0.970941664077202
11.16	0.9582123923832941	0.9835438123939148	0.9710592168330245
11.18	0.9583815570693516	0.9836103791629026	0.9711763490065364
11.2	0.958550117424068	0.9836767083603355	0.9712930628508573
11.22	0.9587180766791752	0.9837428012566363	0.9714093606030415
11.24	0.9588854380434033	0.983808659113185	0.9715252444842214
11.26	0.9590522047026862	0.9838742831824016	0.9716407166997489
11.28	0.9592183798203606	0.9839396747078214	0.9717557794393348
11.3	0.95938396653737	0.9840048349241777	0.9718704348771876
11.32	0.959548967972459	0.9840697650574767	0.9719846851721504
11.34	0.9597133872223709	0.984134466325076	0.9720985324678366
11.36	0.959877227362041	0.98419893993576	0.9722119788927632
11.38	0.9600404914447882	0.984263187089816	0.9723250265604846
11.4	0.9602031825025045	0.9843272089791075	0.9724376775697225
11.42	0.9603653035458426	0.9843910067871495	0.9725499340044975
11.44	0.960526857564402	0.9844545816891799	0.9726617979342557
11.46	0.9606878475269123	0.9845179348522327	0.9727732714139973
11.48	0.9608482763814148	0.9845810674352098	0.9728843564844017
11.5	0.9610081470554431	0.9846439805889508	0.9729950551719527
11.52	0.9611674624562002	0.984706675456303	0.9731053694890607
11.54	0.9613262254707359	0.9847691531721916	0.9732153014341858
11.56	0.9614844389661198	0.9848314148636872	0.9733248529919574
11.58	0.9616421057896147	0.9848934616500743	0.9734340261332944
11.6	0.961799228768847	0.9849552946429184	0.9735428228155236
11.62	0.9619558107119759	0.9850169149461317	0.9736512449824954
11.64	0.9621118544078606	0.9850783236560404	0.9737592945647011
11.66	0.9622673626262255	0.985139521861447	0.9738669734793863
11.68	0.9624223381178244	0.9852005106436982	0.9739742836306651
11.7	0.9625767836146029	0.9852612910767458	0.9740812269096318
11.72	0.9627307018298576	0.985321864227211	0.9741878051944723
11.74	0.9628840954583969	0.9853822311544476	0.974294020350574
11.76	0.9630369671766963	0.9854423929106015	0.9743998742306346
11.78	0.9631893196430558	0.9855023505406747	0.9745053686747697
11.8	0.9633411554977521	0.9855621050825832	0.9746105055106196
11.82	0.9634924773631925	0.9856216575672193	0.9747152865534546
11.84	0.9636432878440653	0.9856810090185091	0.9748197136062802
11.86	0.9637935895274893	0.9857401604534718	0.9749237884599394
11.88	0.9639433849831612	0.9857991128822788	0.9750275128932159
11.9	0.9640926767635031	0.9858578673083095	0.9751308886729352
11.92	0.9642414674038059	0.9859164247282098	0.9752339175540647
11.94	0.9643897594223745	0.9859747861319481	0.9753366012798137
11.96	0.9645375553206684	0.9860329525028706	0.9754389415817307
11.98	0.964684857583443	0.9860909248177561	0.9755409401798015
12.	0.9648316686788889	0.986148704046873	0.9756425987825456
12.02	0.9649779910587691	0.9862062911540317	0.9757439190871107
12.04	0.9651238271585558	0.9862636870966378	0.9758449027793683
12.06	0.965269179397566	0.986320892825746	0.9759455515340064
12.08	0.965414050179094	0.9863779092861135	0.9760458670146226
12.1	0.9655584418905453	0.9864347374162508	0.9761458508738152
12.12	0.9657023569035664	0.986491378148473	0.9762455047532747
12.14	0.9658457975741754	0.9865478324089524	0.9763448302838725
12.16	0.9659887662428902	0.9866041011177669	0.9764438290857512
12.18	0.966131265234856	0.9866601851889527	0.976542502768412
12.2	0.966273296859971	0.9867160855305509	0.9766408529308019
12.22	0.9664148634130111	0.9867718030446588	0.9767388811613998
12.24	0.966555967173754	0.9868273386274776	0.9768365890383032
12.26	0.9666966104071013	0.9868826931693602	0.9769339781293112
12.28	0.9668367953631991	0.9869378675548591	0.9770310499920096
12.3	0.9669765242775589	0.986992862662774	0.9771278061738538
12.32	0.9671157993711751	0.987047679366198	0.9772242482122504
12.34	0.9672546228506443	0.9871023185325636	0.9773203776346392
12.36	0.9673929969082808	0.9871567810236895	0.9774161959585738
12.38	0.9675309237222315	0.9872110676958248	0.977511704691801
12.4	0.9676684054565913	0.9872651793996947	0.9776069053323403
12.42	0.9678054442615153	0.9873191169805441	0.9777017993685623
12.44	0.9679420422733317	0.9873728812781832	0.9777963882792658
12.46	0.9680782016146516	0.9874264731270291	0.9778906735337553
12.48	0.9682139243944804	0.9874798933561512	0.9779846565919162
12.5	0.9683492127083255	0.9875331427893118	0.978078338904291
12.52	0.9684840686383042	0.9875862222450104	0.9781717219121535
12.54	0.9686184942532514	0.987639132536524	0.9782648070475825
12.56	0.968752491608824	0.9876918744719504	0.9783575957335358
12.58	0.968886062747607	0.9877444488542475	0.9784500893839215
12.6	0.9690192096992161	0.9877968564812759	0.978542289403671
12.62	0.9691519344804013	0.9878490981458379	0.9786341971888098
12.64	0.969284239095148	0.9879011746357184	0.9787258141265271
12.66	0.9694161255347786	0.987953086733724	0.9788171415952469
12.68	0.969547595778052	0.9880048352177222	0.9789081809646965
12.7	0.9696786517912619	0.9880564208606815	0.9789989335959743
12.72	0.9698092955283357	0.9881078444307076	0.9790894008416192
12.74	0.9699395289309315	0.9881591066910843	0.9791795840456767
12.76	0.9700693539285336	0.9882102084003088	0.9792694845437653
12.78	0.9701987724385482	0.9882611503121311	0.979359103663143
12.8	0.9703277863663984	0.9883119331755897	0.9794484427227729
12.82	0.9704563976056154	0.9883625577350492	0.9795375030333865
12.84	0.9705846080379346	0.9884130247302364	0.9796262858975499
12.86	0.9707124195333839	0.988463334896276	0.9797147926097249
12.88	0.9708398339503772	0.9885134889637275	0.9798030244563344
12.9	0.9709668531358027	0.988563487658619	0.9798909827158225
12.92	0.9710934789251129	0.9886133317024836	0.9799786686587179
12.94	0.971219713142413	0.9886630218123932	0.9800660835476939
12.96	0.9713455576005477	0.9887125587009935	0.9801532286376298
12.98	0.9714710141011899	0.9887619430765384	0.9802401051756706
13.	0.9715960844349235	0.9888111756429223	0.9803267144012868
13.02	0.9717207703813319	0.9888602570997156	0.9804130575463327
13.040000000000001	0.9718450737090797	0.9889091881421966	0.9804991358351055
13.06	0.9719689961759981	0.988957969461384	0.9805849504844026
13.08	0.972092539529167	0.9890066017440708	0.9806705027035798
13.1	0.9722157055049963	0.9890550856728555	0.9807557936946066
13.12	0.9723384958293092	0.9891034219261747	0.9808408246521243
13.14	0.9724609122174209	0.989151611178334	0.9809255967635002
13.16	0.972582956374219	0.9891996540995402	0.9810101112088843
13.18	0.9727046299942435	0.9892475513559327	0.9810943691612626
13.2	0.9728259347617639	0.989295303609612	0.9811783717865125
13.22	0.9729468723508575	0.9893429115186739	0.9812621202434559
13.24	0.9730674444254863	0.9893903757372365	0.9813456156839133
13.26	0.9731876526395737	0.9894376969154717	0.9814288592527554
13.28	0.9733074986370792	0.9894848756996352	0.9815118520879562
13.3	0.9734269840520742	0.9895319127320951	0.9815945953206453
13.32	0.9735461105088155	0.989578808651361	0.9816770900751581
13.34	0.9736648796218197	0.9896255640921143	0.9817593374690877
13.36	0.9737832929959348	0.9896721796852352	0.9818413386133349
13.38	0.9739013522264147	0.9897186560578323	0.9819230946121582
13.4	0.9740190588989879	0.9897649938332699	0.982004606563224
13.42	0.9741364145899308	0.989811193631196	0.9820858755576546
13.44	0.9742534208661371	0.989857256067571	0.982166902680078
13.46	0.9743700792851875	0.989903181754694	0.9822476890086755
13.48	0.974486391395419	0.98994897130123	0.9823282356152296
13.5	0.9746023587359931	0.9899946253122373	0.9824085435651718
13.52	0.9747179828369639	0.9900401443891942	0.982488613917629
13.540000000000001	0.9748332652193453	0.9900855291300246	0.9825684477254703
13.56	0.974948207395178	0.9901307801291254	0.9826480460353533
13.58	0.9750628108675946	0.9901758979773917	0.9827274098877697
13.6	0.9751770771308863	0.9902208832622432	0.982806540317091
13.62	0.9752910076705669	0.990265736567648	0.9828854383516124
13.64	0.9754046039634379	0.9903104584741508	0.9829641050135987
13.66	0.9755178674776512	0.9903550495588949	0.9830425413193271
13.68	0.975630799672774	0.9903995103956493	0.9831207482791325
13.7	0.9757434019998494	0.9904438415548326	0.9831987268974492
13.72	0.9758556759014606	0.9904880436035368	0.9832764781728557
13.74	0.9759676228117904	0.9905321171055523	0.9833540030981152
13.76	0.9760792441566847	0.9905760626213921	0.98343130266022
13.78	0.9761905413537105	0.9906198807083144	0.9835083778404319
13.8	0.9763015158122172	0.9906635719203472	0.9835852296143242
13.82	0.9764121689333967	0.9907071368083117	0.9836618589518232
13.84	0.97652250211034	0.9907505759198446	0.9837382668172486
13.86	0.976632516728099	0.9907938897994224	0.983814454169354
13.88	0.9767422141637411	0.9908370789883824	0.9838904219613667
13.9	0.9768515957864089	0.9908801440249471	0.9839661711410282
13.92	0.9769606629573758	0.9909230854442453	0.9840417026506333
13.94	0.9770694170301039	0.9909659037783355	0.9841170174270688
13.96	0.9771778593502981	0.9910085995562261	0.9841921164018527
13.98	0.9772859912559634	0.991051173303899	0.9842670005011721
14.	0.9773938140774583	0.9910936255443303	0.9843416706459222
14.02	0.9775013291375506	0.9911359567975119	0.9844161277517428
14.040000000000001	0.9776085377514707	0.9911781675804726	0.9844903727290568
14.06	0.9777154412269659	0.9912202584072998	0.9845644064831068
14.08	0.9778220408643522	0.9912622297891598	0.9846382299139919
14.1	0.9779283379565691	0.9913040822343182	0.9847118439167042
14.12	0.9780343337892299	0.9913458162481615	0.9847852493811652
14.14	0.9781400296406743	0.9913874323332166	0.9848584471922613
14.16	0.9782454267820199	0.9914289309891714	0.9849314382298798
14.18	0.9783505264772131	0.9914703127128945	0.9850042233689438
14.2	0.9784553299830793	0.9915115779984557	0.9850768034794469
14.22	0.9785598385493732	0.9915527273371444	0.9851491794264888
14.24	0.9786640534188283	0.9915937612174905	0.9852213520703086
14.26	0.9787679758272064	0.9916346801252833	0.9852933222663196
14.28	0.9788716070033461	0.9916754845435902	0.985365090865143
14.3	0.9789749481692118	0.9917161749527766	0.985436658712641
14.32	0.9790780005399404	0.9917567518305237	0.9855080266499503
14.34	0.979180765323891	0.9917972156518485	0.9855791955135155
14.36	0.9792832437226897	0.9918375668891211	0.9856501661351209
14.38	0.9793854369312784	0.991877806012084	0.9857209393419235
14.4	0.9794873461379604	0.9919179334878697	0.985791515956485
14.42	0.9795889725244459	0.9919579497810197	0.9858618967968036
14.44	0.9796903172658986	0.9919978553535007	0.9859320826763456
14.46	0.9797913815309809	0.9920376506647254	0.9860020744040771
14.48	0.9798921664818979	0.9920773361715665	0.9860718727844944
14.5	0.9799926732744432	0.9921169123283772	0.9861414786176552
14.52	0.9800929030580415	0.9921563795870068	0.9862108926992097
14.540000000000001	0.9801928569757942	0.9921957383968184	0.9862801158204297
14.56	0.9802925361645214	0.9922349892047069	0.9863491487682399
14.58	0.9803919417548057	0.9922741324551141	0.9864179923252466
14.6	0.9804910748710345	0.9923131685900473	0.9864866472697685
14.62	0.9805899366314427	0.9923520980490943	0.9865551143758649
14.64	0.9806885281481552	0.9923909212694417	0.9866233944133652
14.66	0.9807868505272267	0.9924296386858897	0.9866914881478983
14.68	0.9808849048686862	0.9924682507308696	0.9867593963409206
14.7	0.980982692266574	0.9925067578344585	0.9868271197497441
14.72	0.9810802138089862	0.9925451604243971	0.9868946591275654
14.74	0.9811774705781127	0.9925834589261039	0.9869620152234929
14.76	0.981274463650278	0.9926216537626915	0.9870291887825751
14.78	0.9813711940959804	0.992659745354983	0.9870961805458276
14.8	0.9814676629799327	0.9926977341215264	0.9871629912502605
14.82	0.9815638713610986	0.9927356204786102	0.9872296216289055
14.84	0.9816598202927351	0.9927734048402789	0.9872960724108426
14.86	0.9817555108224272	0.992811087618348	0.9873623443212266
14.88	0.9818509439921287	0.9928486692224185	0.9874284380813139
14.9	0.9819461208381984	0.9928861500598932	0.9874943544084882
14.92	0.9820410423914391	0.9929235305359896	0.9875600940162866
14.94	0.982135709677133	0.9929608110537552	0.9876256576144258
14.96	0.9822301237150802	0.9929979920140832	0.9876910459088265
14.98	0.9823242855196336	0.9930350738157249	0.9877562596016402
15.	0.9824181960997374	0.993072056855305	0.9878212993912728
15.02	0.9825118564589614	0.9931089415273361	0.9878861659724112
15.040000000000001	0.9826052675955372	0.9931457282242323	0.9879508600360465
15.06	0.9826984305023936	0.9931824173363227	0.9880153822694996
15.08	0.9827913461671921	0.9932190092518663	0.9880797333564447
15.1	0.9828840155723618	0.9932555043570646	0.9881439139769345
15.12	0.9829764396951332	0.993291903036076	0.9882079248074229
15.14	0.9830686195075734	0.9933282056710285	0.9882717665207899
15.16	0.9831605559766198	0.9933644126420346	0.9883354397863642
15.18	0.9832522500641142	0.9934005243272027	0.9883989452699476
15.2	0.9833437027268357	0.9934365411026514	0.9884622836338375
15.22	0.9834349149165341	0.9934724633425224	0.9885254555368497
15.24	0.9835258875799642	0.9935082914189933	0.9885884616343423
15.26	0.9836166216589163	0.9935440257022907	0.9886513025782372
15.28	0.9837071180902507	0.9935796665607027	0.9887139790170434
15.3	0.9837973778059285	0.9936152143605919	0.9887764915958788
15.32	0.9838874017330442	0.9936506694664076	0.9888388409564928
15.34	0.9839771907938581	0.9936860322406985	0.9889010277372877
15.36	0.9840667459058265	0.993721303044125	0.9889630525733409
15.38	0.9841560679816331	0.9937564822354716	0.9890249160964266
15.4	0.9842451579292211	0.9937915701716591	0.9890866189350367
15.42	0.9843340166518229	0.9938265672077561	0.9891481617144026
15.44	0.984422645047991	0.993861473696992	0.9892095450565164
15.46	0.9845110440116283	0.9938962899907678	0.9892707695801511
15.48	0.9845992144320176	0.9939310164386693	0.9893318359008824
15.5	0.9846871571938526	0.993965653388477	0.9893927446311086
15.52	0.9847748731772662	0.9940002011861797	0.9894534963800713
15.540000000000001	0.9848623632578606	0.9940346601759842	0.9895140917538758
15.56	0.9849496283067356	0.9940690307003281	0.9895745313555111
15.58	0.9850366691905191	0.9941033130998905	0.9896348157848702
15.6	0.985123486771394	0.9941375077136035	0.9896949456387693
15.62	0.9852100819071279	0.9941716148786635	0.9897549215109683
15.64	0.9852964554511001	0.994205634930541	0.9898147439921898
15.66	0.9853826082523311	0.9942395682029945	0.9898744136701387
15.68	0.9854685411555093	0.9942734150280784	0.9899339311295214
15.7	0.9855542550010195	0.9943071757361556	0.989993296952065
15.72	0.9856397506249686	0.9943408506559075	0.9900525117165359
15.74	0.985725028859215	0.9943744401143451	0.990111575998759
15.76	0.9858100905313938	0.9944079444368191	0.9901704903716364
15.78	0.9858949364649449	0.9944413639470319	0.9902292554051657
15.8	0.9859795674791381	0.9944746989670452	0.990287871666458
15.82	0.9860639843891007	0.9945079498172935	0.9903463397197574
15.84	0.9861481880058433	0.9945411168165921	0.9904046601264573
15.86	0.9862321791362851	0.9945742002821487	0.9904628334451203
15.88	0.9863159585832807	0.9946072005295725	0.9905208602314944
15.9	0.9863995271456455	0.9946401178728851	0.9905787410385318
15.92	0.9864828856181798	0.99467295262453	0.9906364764164058
15.94	0.9865660347916955	0.9947057050953825	0.9906940669125284
15.96	0.9866489754530406	0.9947383755947599	0.9907515130715682
15.98	0.9867317083851241	0.9947709644304302	0.9908088154354663
16.	0.9868142343669396	0.9948034719086237	0.9908659745434547
16.02	0.9868965541735913	0.9948358983340406	0.9909229909320724
16.04	0.9869786685763176	0.9948682440098617	0.9909798651351821
16.06	0.987060578342515	0.9949005092377579	0.9910365976839879
16.080000000000002	0.9871422842357617	0.9949326943178984	0.9910931891070504
16.1	0.9872237870158423	0.9949647995489617	0.9911496399303039
16.12	0.9873050874387702	0.9949968252281435	0.991205950677073
16.14	0.9873861862568122	0.9950287716511668	0.9912621218680879
16.16	0.9874670842185106	0.9950606391122906	0.9913181540215015
16.18	0.987547782068706	0.9950924279043183	0.9913740476529039
16.2	0.9876282805485623	0.9951241383186084	0.9914298032753401
16.22	0.9877085803955865	0.9951557706450814	0.9914854213993238
16.24	0.9877886823436532	0.9951873251722306	0.9915409025328545
16.26	0.9878685871230262	0.9952188021871288	0.9915962471814318
16.28	0.9879482954603804	0.995250201975439	0.9916514558480716
16.3	0.9880278080788245	0.9952815248214215	0.9917065290333208
16.32	0.988107125697923	0.9953127710079442	0.9917614672352728
16.34	0.9881862490337168	0.9953439408164888	0.9918162709495824
16.36	0.9882651787987452	0.9953750345271615	0.9918709406694803
16.38	0.9883439157020683	0.9954060524187002	0.991925476885789
16.4	0.9884224604492866	0.9954369947684827	0.9919798800869357
16.42	0.9885008137425634	0.9954678618525359	0.992034150758969
16.44	0.9885789762806448	0.9954986539455434	0.9920882893855715
16.46	0.9886569487588807	0.9955293713208535	0.9921422964480752
16.48	0.9887347318692459	0.9955600142504881	0.9921961724254758
16.5	0.9888123263003596	0.9955905830051498	0.9922499177944464
16.52	0.9888897327375072	0.9956210778542302	0.9923035330293516
16.54	0.9889669518626588	0.9956514990658181	0.9923570186022619
16.56	0.9890439843544899	0.9956818469067069	0.9924103749829671
16.580000000000002	0.989120830888402	0.9957121216424037	0.9924636026389904
16.6	0.9891974921365407	0.9957423235371349	0.9925167020356014
16.62	0.9892739687678171	0.9957724528538553	0.9925696736358307
16.64	0.9893502614479261	0.995802509854256	0.9926225179004826
16.66	0.9894263708393658	0.9958324947987707	0.9926752352881485
16.68	0.989502297601457	0.9958624079465851	0.9927278262552205
16.7	0.9895780423903622	0.995892249555642	0.9927802912559043
16.72	0.9896536058591041	0.9959220198826509	0.9928326307422323
16.74	0.9897289886575849	0.9959517191830949	0.992884845164077
16.76	0.9898041914326042	0.9959813477112359	0.9929369349691631
16.78	0.9898792148278781	0.9960109057201254	0.9929889006030808
16.8	0.989954059484058	0.996040393461609	0.9930407425092987
16.82	0.9900287260387477	0.9960698111863345	0.9930924611291762
16.84	0.9901032151265217	0.996099159143759	0.9931440569019755
16.86	0.9901775273789438	0.9961284375821567	0.9931955302648748
16.88	0.9902516634245848	0.9961576467486238	0.9932468816529807
16.9	0.9903256238890397	0.9961867868890877	0.9932981114993396
16.92	0.9903994093949455	0.9962158582483128	0.9933492202349504
16.94	0.9904730205619994	0.9962448610699078	0.9934002082887772
16.96	0.9905464580069747	0.9962737955963317	0.99345107608776
16.98	0.9906197223437395	0.9963026620689022	0.9935018240568276
17.	0.9906928141832725	0.9963314607278003	0.9935524526189091
17.02	0.9907657341336809	0.9963601918120786	0.9936029621949459
17.04	0.9908384828002172	0.9963888555596675	0.9936533532039028
17.06	0.9909110607852953	0.9964174522073813	0.99370362606278
17.080000000000002	0.9909834686885076	0.9964459819909254	0.9937537811866247
17.1	0.9910557071066408	0.9964744451449024	0.9938038189885423
17.12	0.9911277766336944	0.9965028419028187	0.9938537398797078
17.14	0.9911996778608939	0.9965311724970903	0.993903544269377
17.16	0.991271411376709	0.9965594371590505	0.9939532325648978
17.18	0.9913429777668696	0.996587636118955	0.9940028051717211
17.2	0.9914143776143808	0.9966157696059884	0.9940522624934124
17.22	0.9914856114995387	0.9966438378482707	0.9941016049316618
17.24	0.9915566799999482	0.9966718410728633	0.9941508328862958
17.26	0.9916275836905356	0.9966997795057754	0.9941999467552876
17.28	0.9916983231435655	0.9967276533719693	0.9942489469347677
17.3	0.9917688989286572	0.9967554628953675	0.9942978338190352
17.32	0.991839311612798	0.9967832082988586	0.9943466078005678
17.34	0.9919095617603599	0.9968108898043017	0.9943952692700322
17.36	0.9919796499331142	0.9968385076325345	0.9944438186162949
17.38	0.9920495766902454	0.9968660620033778	0.994492256226433
17.4	0.992119342588368	0.9968935531356418	0.994540582485743
17.42	0.9921889481815404	0.996920981247132	0.9945887977777527
17.44	0.9922583940212786	0.9969483465546543	0.9946369024842302
17.46	0.9923276806565722	0.9969756492740217	0.9946848969851947
17.48	0.9923968086338981	0.9970028896200593	0.9947327816589258
17.5	0.9924657784972355	0.9970300678066104	0.9947805568819741
17.52	0.9925345907880784	0.9970571840465415	0.9948282230291706
17.54	0.9926032460454526	0.9970842385517483	0.994875780473637
17.56	0.992671744805927	0.9971112315331611	0.9949232295867949
17.580000000000002	0.9927400876036295	0.9971381632007505	0.9949705707383756
17.6	0.9928082749702598	0.9971650337635327	0.9950178042964298
17.62	0.9928763074351037	0.9971918434295748	0.9950649306273376
17.64	0.9929441855250464	0.9972185924060003	0.995111950095817
17.66	0.9930119097645863	0.9972452808989942	0.9951588630649341
17.68	0.9930794806758491	0.9972719091138093	0.9952056698961119
17.7	0.9931468987785999	0.9972984772547697	0.9952523709491403
17.72	0.9932141645902574	0.9973249855252777	0.9952989665821843
17.74	0.9932812786259069	0.9973514341278182	0.9953454571517943
17.76	0.9933482413983137	0.9973778232639638	0.9953918430129141
17.78	0.9934150534179361	0.9974041531343805	0.9954381245188907
17.8	0.9934817151929379	0.9974304239388322	0.9954843020214832
17.82	0.9935482272292016	0.9974566358761858	0.9955303758708712
17.84	0.9936145900303411	0.9974827891444169	0.9955763464156642
17.86	0.9936808040977148	0.9975088839406141	0.99562221400291
17.88	0.9937468699304376	0.9975349204609841	0.9956679789781039
17.9	0.9938127880253936	0.9975608989008563	0.9957136416851966
17.92	0.9938785588772491	0.9975868194546891	0.9957592024666039
17.94	0.9939441829784643	0.997612682316073	0.9958046616632144
17.96	0.9940096608193056	0.9976384876777366	0.9958500196143981
17.98	0.9940749928878585	0.99766423573155	0.9958952766580152
18.	0.9941401796700388	0.9976899266685318	0.9959404331304242
18.02	0.9942052216496051	0.9977155606788524	0.9959854893664907
18.04	0.994270119308171	0.9977411379518379	0.9960304456995945
18.06	0.9943348731252166	0.9977666586759765	0.9960753024616394
18.080000000000002	0.9943994835781	0.9977921230389225	0.9961200599830604
18.1	0.9944639511420703	0.9978175312275004	0.9961647185928317
18.12	0.9945282762902777	0.9978428834277101	0.9962092786184757
18.14	0.9945924594937856	0.997868179824731	0.9962537403860696
18.16	0.9946565012215828	0.9978934206029267	0.9962981042202548
18.18	0.9947204019405939	0.9979186059458501	0.9963423704442437
18.2	0.9947841621156914	0.9979437360362464	0.9963865393798282
18.22	0.9948477822097064	0.9979688110560595	0.9964306113473873
18.24	0.9949112626834404	0.9979938311864341	0.9964745866658948
18.26	0.9949746039956755	0.998018796607722	0.9965184656529268
18.28	0.9950378066031865	0.9980437074994855	0.9965622486246701
18.3	0.9951008709607508	0.9980685640405021	0.9966059358959285
18.32	0.9951637975211606	0.9980933664087684	0.9966495277801319
18.34	0.9952265867352327	0.9981181147815047	0.9966930245893424
18.36	0.995289239051819	0.998142809335159	0.9967364266342628
18.38	0.9953517549178186	0.9981674502454116	0.996779734224243
18.4	0.9954141347781872	0.9981920376871785	0.9968229476672886
18.42	0.9954763790759477	0.9982165718346162	0.996866067270067
18.44	0.9955384882522016	0.998241052861126	0.9969090933379152
18.46	0.9956004627461386	0.9982654809393572	0.9969520261748472
18.48	0.9956623029950465	0.998289856241212	0.9969948660835609
18.5	0.9957240094343232	0.9983141789378494	0.9970376133654448
18.52	0.995785582497485	0.9983384491996882	0.9970802683205859
18.54	0.995847022616178	0.9983626671964132	0.9971228312477765
18.56	0.9959083302201877	0.9983868330969766	0.9971653024445204
18.580000000000002	0.9959695057374487	0.9984109470696038	0.997207682207041
18.6	0.9960305495940556	0.9984350092817965	0.9972499708302874
18.62	0.9960914622142719	0.9984590199003364	0.9972921686079415
18.64	0.9961522440205406	0.9984829790912902	0.9973342758324246
18.66	0.9962128954334928	0.9985068870200118	0.9973762927949045
18.68	0.9962734168719591	0.9985307438511473	0.997418219785302
18.7	0.996333808752978	0.9985545497486383	0.9974600570922976
18.72	0.9963940714918054	0.9985783048757263	0.997501805003338
18.74	0.996454205501925	0.9986020093949555	0.9975434638046431
18.76	0.996514211195057	0.9986256634681763	0.9975850337812119
18.78	0.996574088981168	0.9986492672565513	0.9976265152168297
18.8	0.9966338392684791	0.9986728209205556	0.9976679083940736
18.82	0.9966934624634778	0.998696324619983	0.9977092135943202
18.84	0.9967529589709239	0.9987197785139491	0.9977504310977511
18.86	0.9968123291938618	0.998743182760894	0.9977915611833592
18.88	0.9968715735336262	0.998766537518586	0.9978326041289554
18.9	0.996930692389855	0.9987898429441269	0.9978735602111747
18.92	0.9969896861604949	0.9988130991939529	0.9979144297054823
18.94	0.9970485552418128	0.9988363064238404	0.9979552128861799
18.96	0.9971073000284023	0.998859464788908	0.9979959100264121
18.98	0.9971659209131953	0.9988825744436206	0.9980365213981716
19.	0.9972244182874679	0.9989056355417927	0.9980770472723063
19.02	0.9972827925408514	0.9989286482365921	0.9981174879185248
19.04	0.9973410440613395	0.9989516126805429	0.9981578436054027
19.06	0.9973991732352973	0.9989745290255286	0.9981981146003878
19.080000000000002	0.9974571804474703	0.9989973974227961	0.9982383011698068
19.1	0.9975150660809924	0.9990202180229594	0.9982784035788711
19.12	0.9975728305173943	0.9990429909760018	0.9983184220916821
19.14	0.9976304741366122	0.9990657164312791	0.9983583569712374
19.16	0.9976879973169956	0.9990883945375248	0.9983982084794368
19.18	0.997745400435316	0.9991110254428512	0.9984379768770871
19.2	0.9978026838667754	0.9991336092947536	0.9984776624239091
19.22	0.9978598479850137	0.9991561462401133	0.998517265378542
19.24	0.9979168931621173	0.9991786364252009	0.99855678599855
19.26	0.9979738197686269	0.9992010799956798	0.9985962245404271
19.28	0.9980306281735462	0.9992234770966087	0.9986355812596033
19.3	0.9980873187443484	0.9992458278724448	0.9986748564104494
19.32	0.9981438918469864	0.9992681324670473	0.9987140502462835
19.34	0.9982003478458981	0.9992903910236806	0.9987531630193754
19.36	0.9982566871040162	0.9993126036850168	0.9987921949809527
19.38	0.9983129099827749	0.9993347705931394	0.9988311463812058
19.4	0.9983690168421181	0.9993568918895451	0.9988700174692934
19.42	0.9984250080405067	0.9993789677151487	0.998908808493348
19.44	0.9984808839349267	0.9994009982102848	0.9989475197004803
19.46	0.9985366448808968	0.9994229835147109	0.9989861513367864
19.48	0.9985922912324748	0.9994449237676111	0.9990247036473504
19.5	0.9986478233422668	0.9994668191075974	0.9990631768762518
19.52	0.9987032415614331	0.9994886696727145	0.9991015712665694
19.54	0.998758546239697	0.9995104756004421	0.9991398870603868
19.56	0.9988137377253508	0.9995322370276973	0.9991781244987976
19.580000000000002	0.9988688163652641	0.9995539540908375	0.9992162838219104
19.6	0.9989237825048909	0.9995756269256639	0.9992543652688535
19.62	0.9989786364882762	0.9995972556674243	0.9992923690777804
19.64	0.9990333786580637	0.9996188404508148	0.9993302954858745
19.66	0.9990880093555027	0.999640381409984	0.999368144729354
19.68	0.9991425289204561	0.9996618786785348	0.9994059170434768
19.7	0.9991969376914052	0.999683332389528	0.9994436126625456
19.72	0.9992512360054595	0.9997047426754841	0.9994812318199122
19.74	0.9993054241983618	0.9997261096683868	0.9995187747479835
19.76	0.9993595026044951	0.9997474334996856	0.9995562416782245
19.78	0.9994134715568912	0.9997687143002982	0.9995936328411649
19.8	0.9994673313872352	0.9997899522006128	0.9996309484664022
19.82	0.9995210824258736	0.9998111473304926	0.9996681887826079
19.84	0.9995747250018217	0.9998322998192758	0.9997053540175308
19.86	0.9996282594427681	0.9998534097957805	0.9997424443980027
19.88	0.9996816860750838	0.9998744773883059	0.9997794601499426
19.9	0.9997350052238276	0.999895502724636	0.999816401498361
19.92	0.9997882172127525	0.9999164859320406	0.9998532686673648
19.94	0.9998413223643124	0.9999374271372804	0.9998900618801619
19.96	0.9998943209996698	0.9999583264666063	0.9999267813590659
19.98	0.9999472134387002	0.9999791840457651	0.9999634273254994
20.	0.9999999999999999	1.	1.
