1.	-1.3552527156068805e-20	2.2507034943851823e-7
1.009	0.0068635135877328415	2.9960796686009107e-7
1.018	0.013605667476490552	3.9729678415151977e-7
1.027	0.020229651711169902	5.24829763530112e-7
1.036	0.02673854526368922	6.906827394813763e-7
1.045	0.033135320739942145	9.055458552807038e-7
1.054	0.0394228488233539	1.1828478315918335e-6
1.063	0.04560390246510474	1.5393901962778643e-6
1.072	0.05168116082926296	1.996111121967872e-6
1.081	0.05765721299920343	2.5790012711997607e-6
1.09	0.06353456144974809	3.320197033224601e-6
1.099	0.06931562528747753	4.259279740230512e-6
1.108	0.07500274325957848	5.4448128544459326e-6
1.117	0.08059817652940239	6.936152693038762e-6
1.126	0.0861041112146876	8.80557196672292e-6
1.135	0.09152266068202392	0.000011140739201400899
1.144	0.0968558675887477	0.000014047600929177766
1.153	0.10210570566093774	0.000017653717302497458
1.162	0.10727408119366742	0.000022112105417065554
1.171	0.11236283425712557	0.000027605648026898683
1.18	0.1173737395896414	0.000034352128386985416
1.189	0.12230850715622311	0.00004260995454245751
1.198	0.12716878234881152	0.000052684638363852914
1.207	0.1319561458022411	0.00006493609586277227
1.216	0.13667211279797892	0.00007978683566060805
1.225	0.1413181322260112	0.00009773110177010293
1.234	0.14589558507403558	0.000119345034928852
1.243	0.15040578241235966	0.0001452979134411586
1.252	0.15484996284273897	0.00017636452969166952
1.261	0.15922928937998698	0.00021343875205325657
1.27	0.1635448457365446	0.00025754831370014715
1.279	0.16779763198253442	0.00030987085975303646
1.288	0.1719885595572618	0.00037175127214850406
1.297	0.1761184456126531	0.0004447202775934237
1.306	0.18018800667507467	0.000530514327923787
1.315	0.18419785161924218	0.0006310967241634283
1.324	0.18814847395685277	0.0007486799356416161
1.333	0.19204024345295234	0.0008857490437958692
1.342	0.19587339709532103	0.001045086216923062
1.351	0.19964802945605864	0.001229796097363607
1.36	0.20336408250026475	0.0014433319566765856
1.369	0.2070213349143147	0.0016895224476044977
1.378	0.21061939104548222	0.001972598754398821
1.387	0.21415766956564108	0.0022972219157901337
1.396	0.21763539199430298	0.0026685100679872177
1.405	0.22105157124017855	0.0030920653290595172
1.414	0.22440500034530728	0.0035740000214041353
1.423	0.2276942416415785	0.004120961906247149
1.432	0.23091761655548687	0.004740158083812192
1.441	0.23407319632272255	0.005439377195437939
1.45	0.2371587938991452	0.0062270095500568815
1.459	0.2401719573782055	0.007112064787553228
1.468	0.24310996524574618	0.008104186686053895
1.477	0.24596982382085625	0.00921366471958057
1.486	0.24874826724475407	0.01045144197705327
1.495	0.2514417603874489	0.011829119063665555
1.504	0.25404650504309734	0.013358953621351756
1.513	0.2565584497783137	0.015053855126552152
1.522	0.2589733037818076	0.01692737465077637
1.531	0.26128655503777776	0.01899368930249408
1.54	0.26349349310815534	0.021267581107470276
1.549	0.26558923675925933	0.0237644101285347
1.558	0.26756876660616363	0.026500081674554372
1.567	0.2694269628724913	0.029491007501593884
1.576	0.27115864827473335	0.03275406096633491
1.585	0.27275863593884775	0.03630652615213778
1.594	0.2742217821438661	0.04016604105094207
1.603	0.275543043564268	0.0443505349487349
1.612	0.2767175385520023	0.048878160227729305
1.621	0.27774061186302734	0.05376721886381627
1.63	0.2786079020959309	0.05903608396239034
1.639	0.27931541097519336	0.06470311673839411
1.648	0.2798595734836681	0.0707865794064902
1.657	0.28023732773277976	0.07730454450377923
1.666	0.2804461833598791	0.08427480121960855
1.675	0.28048428716506035	0.09171475935398343
1.684	0.28035048464971096	0.09964135156718851
1.693	0.2800443761002175	0.10807093461782609
1.702	0.27956636587657135	0.1170191903140376
1.711	0.2789177036196321	0.12650102692275692
1.72	0.27810051618403403	0.13653048179411556
1.729	0.27711782923645956	0.14712062596236095
1.738	0.2759735776295377	0.1582834714807492
1.747	0.27467260386730086	0.1700298822358495
1.756	0.27322064421394765	0.18236948896666455
1.765	0.27162430225777184	0.1953106091861763
1.774	0.2698910100188287	0.20886017266769943
1.783	0.26802897697401407	0.223023653116223
1.792	0.26604712765699556	0.2378050065962628
1.801	0.26395502876374555	0.25320661723325993
1.81	0.2617628069474775	0.2692292506459289
1.819	0.25948105871082394	0.2858720155029164
1.828	0.2571207539898893	0.30313233352949165
1.837	0.2546931351680896	0.32100591821954827
1.846	0.2522096133523002	0.33948676243583104
1.855	0.24968166378665752	0.3585671350078318
1.864	0.24712072226981424	0.37823758636309723
1.873	0.24453808438030572	0.3984869631545723
1.882	0.2419448092053298	0.41930243177487253
1.891	0.23935162911535124	0.4406695105787951
1.9	0.2367688669374419	0.4625721105686573
1.909	0.23420636166128794	0.4849925842338406
1.918	0.2316734035722341	0.5079117821768151
1.927	0.22917867945430154	0.5313091171034392
1.936	0.22673022825148892	0.5551626347059221
1.945	0.22433540732642954	0.5794490909228637
1.954	0.22200086921905393	0.6041440350225494
1.963	0.2197325485910433	0.6292218979233727
1.972	0.21753565884968235	0.6546560851390266
1.981	0.21541469778134464	0.6804190737159977
1.99	0.21337346139262123	0.706482512516895
1.999	0.21141506505751645	0.7328173251951573
2.008	0.2095419710015084	0.7593938152045657
2.017	0.20775602111702732	0.7861817721905044
2.026	0.20605847409709185	0.8131505791188265
2.035	0.20445004589198146	0.8402693195121458
2.044	0.2029309525342025	0.8675068841820617
2.053	0.20150095443567473	0.8948320768688159
2.062	0.20015940133420373	0.9222137182267847
2.071	0.198905277149841	0.9496207476245687
2.08	0.19773724410204999	0.9770223222618187
2.089	0.1966536855320546	1.0043879131408568
2.098	0.19565274696854867	1.031687397469171
2.107	0.1947323750662891	1.0588911471085063
2.116	0.19389035413399502	1.085970112727115
2.125	0.19312434004871437	1.1128959033533097
2.134	0.19243189142721845	1.1396408610703943
2.143	0.19181049799036465	1.1661781306349168
2.152	0.1912576061131274	1.1924817238416272
2.161	0.19077064160134158	1.2185265784992156
2.17	0.19034702977612375	1.2442886119204994
2.179	0.18998421297886764	1.2697447688689854
2.188	0.1896796656343379	1.2948730639403658
2.197	0.18943090702727847	1.3196526183923414
2.206	0.18923551195985505	1.3440636914689605
2.215	0.1890911194639428	1.368087706296342
2.224	0.188995439744628	1.3917072704550113
2.233	0.18894625952988456	1.4149061913600978
2.242	0.18894144599697346	1.43766948660422
2.251	0.18897894943947338	1.459983389438993
2.26	0.1890568048303084	1.4818353495897458
2.269	0.1891731324264922	1.5032140296142
2.278	0.189326137550746	1.5241092970296357
2.287	0.18951410967410914	1.5445122124444497
2.296	0.18973542091273907	1.5644150139391149
2.305	0.1899885240409376	1.5838110979484343
2.314	0.19027195011189263	1.602694996901775
2.323	0.19058430576746338	1.6210623538807545
2.332	0.19092427030865558	1.6389098945547753
2.341	0.19129059258950024	1.6562353966539785
2.35	0.19168208778884838	1.6730376572367507
2.359	0.19209763410690361	1.6893164580050095
2.368	0.19253616942661356	1.7050725289152415
2.377	0.19299668797376424	1.7203075103268162
2.386	0.1934782370042328	1.7350239139215922
2.395	0.1939799135419102	1.749225082620386
2.404	0.19450086118664026	1.7629151497126359
2.413	0.19504026700764027	1.7760989974056889
2.422	0.19559735853486518	1.7887822149896744
2.431	0.19617140085782037	1.8009710568030426
2.44	0.19676169383904302	1.8126724001726229
2.449	0.19736756944751363	1.823893703490633
2.458	0.197988389215485	1.834642964579496
2.467	0.19862354182092104	1.8449286794837314
2.476	0.19927244079653184	1.854759801816635
2.485	0.1999345223654807	1.8641457027780193
2.494	0.2006092434030796	1.873096131948042
2.503	0.2012960795232154	1.8816211789511395
2.512	0.20199452328774986	1.8897312360733736
2.521	0.20270408253680294	1.8974369619061249
2.53	0.203424278837573	1.9047492460790771
2.539	0.20415464604912098	1.9116791751358593
2.548	0.20489472900045924	1.9182379995965682
2.557	0.2056440822791298	1.9244371022427134
2.566	0.20640226912748688	1.9302879676519211
2.575	0.2071688604437514	1.935802153002011
2.584	0.20794343388501754	1.9409912601568338
2.593	0.2087255730692892	1.9458669090395173
2.602	0.2095148668736607	1.950440712292541
2.611	0.21031090882576767	1.9547242512182914
2.62	0.21111329658560793	1.9587290529884949
2.629	0.2119216315148307	1.9624665691061167
2.638	0.21273551833058038	1.9659481550989826
2.647	0.21355456484096075	1.96918505142048
2.656	0.21437838175915633	1.9721883655292343
2.665	0.21520658259316072	1.974969055116603
2.674	0.2160387836080768	1.9775379124481731
2.683	0.21687460385784252	1.9799055497831628
2.692	0.21771366528320468	1.9820823858337069
2.701	0.21855559287263937	1.9840786332244091
2.71	0.21940001488290056	1.985904286911279
2.719	0.22024656311574434	1.9875691135181857
2.728	0.22109487324730936	1.9890826415482685
2.737	0.22194458520655247	1.9904541524273003
2.746	0.22279534359903821	1.9916926723357868
2.755	0.2236467981723383	1.9928069647866167
2.764	0.22449860431915292	1.9938055239052772
2.773	0.22535042361426522	1.9946965683700684
2.782	0.22620192438133097	1.995488035970305
2.791	0.22705278228546621	1.9961875787412295
2.8	0.22790268094756957	1.9968025586352127
2.809	0.22875131257626757	1.9973400436898066
2.818	0.22959837861334387	1.997806804654305
2.827	0.2304435903885724	1.9982093120376623
2.836	0.23128666977980628	1.9985537335418984
2.845	0.23212734987427053	1.9988459318464706
2.854	0.23296537562700367	1.999091462710518
2.863	0.23380050451256165	1.999295573361359
2.872	0.2346325071660205	1.9994632011391469
2.881	0.23546116800955635	1.9995989723691656
2.89	0.23628628586095643	1.999707201434842
2.899	0.2371076745205367	1.9997918900261915
2.908	0.2379251633331257	1.9998567265400662
2.917	0.23873859772192563	1.9999050856102567
2.926	0.23954783969127452	1.9999400277471857
2.935	0.24035276829556373	1.9999642990686428
2.944	0.24115328007171455	1.999980331104717
2.953	0.2419492894329392	1.9999902406618113
2.962	0.2427407290216918	1.9999958297323477
2.971	0.2435275500200556	1.9999985854385003
2.98	0.2443097224160032	1.9999996800000257
2.989	0.24508723522433348	1.9999999707180003
2.998	0.24586009666132239	1.999999999968
3.007	0.24662833427243194	1.999999995198
3.016	0.24739199501277176	1.9999998689280043
3.025	0.24815114528026216	1.9999992187501525
3.034	0.2489058709017804	1.9999973273297857
3.043	0.24965627707289148	1.9999931624096883
3.052	0.25040248825209155	1.9999853768214595
3.061	0.2511446480107372	1.9999723085097065
3.07	0.2518829188402091	1.9999519805764754
3.079	0.25261748191811795	1.9999221013550892
3.088	0.2533485368356866	1.9998800645242734
3.097	0.2540763012886888	1.9998229492752022
3.106	0.25480101073464495	1.99974752054581
3.115	0.2555229180192005	1.9996502293384453
3.124	0.25624229297490775	1.9995272131386623
3.133	0.2569594219958538	1.9993742964546504
3.142	0.2576746075918158	1.9991869914985017
3.151	0.25838816792585606	1.9989604990322059
3.16	0.25910043633944446	1.99868970940292
3.169	0.25981176086944596	1.9983692037937124
3.178	0.26052250376141906	1.9979932557175946
3.187	0.26123304098389705	1.9975558327842393
3.196	0.2619437617484297	1.997050598770333
3.205	0.26265506804036776	1.9964709160260066
3.214	0.2633673741654321	1.9958098482512396
3.223	0.2640811063172733	1.9950601636775183
3.232	0.26479670217130985	1.9942143386913342
3.241	0.2655146105102471	1.993264561937357
3.25	0.26623529088676046	1.992202738940235
3.259	0.2669592133289648	1.991020497285029
3.268	0.26768685809426984	1.9897091923971915
3.277	0.2684187154774134	1.9882599139637922
3.286	0.2691552856784856	1.986663493038331
3.295	0.269897078736873	1.984910509871957
3.304	0.2706446145371101	1.9829913025142196
3.313	0.2713984228927917	1.980895976226573
3.322	0.2721590437146888	1.978614413751766
3.331	0.27292702726953316	1.976136286481904
3.34	0.2737029345358437	1.9734510665673912
3.349	0.27448733766352035	1.970548040008109
3.358	0.2752808205439925	1.9674163207670465
3.367	0.2760839794980052	1.964044865945157
3.376	0.27689742408825213	1.9604224920544315
3.385	0.2777217780644392	1.9565378924240677
3.394	0.27855768044860085	1.95237965577212
3.403	0.27940578676877764	1.9479362859721396
3.412	0.2802667704495443	1.9431962230410407
3.421	0.2811413243683518	1.9381478653707218
3.43	0.28203016258693625	1.9327795932218361
3.439	0.28293402226756437	1.9270797934935062
3.448	0.2838536657843072	1.9210368857777307
3.457	0.28478988304016806	1.9146393497016776
3.466	0.2857434940012671	1.9078757535550568
3.475	0.2867153514598497	1.9007347841932283
3.484	0.28770634403847817	1.8932052781997146
3.493	0.2887173994482236	1.885276254284268
3.502	0.289749488014177	1.876936946884659
3.511	0.29080362648213226	1.8681768409318789
3.52	0.29188088212054303	1.8589857077295076
3.529	0.29298237713225617	1.8493536418886152
3.538	0.2941092933907082	1.8392710992497492
3.547	0.29526287751518604	1.8287289357133554
3.556	0.2964444462997298	1.8177184468894145
3.565	0.2976553925096841	1.8062314084661952
3.574	0.29889719105924767	1.7942601171868742
3.583	0.30017140558230077	1.7817974323114116
3.592	0.3014796954072371	1.7688368174295643
3.601	0.3028238229444269	1.7553723824793266
3.61	0.30420566149237066	1.7413989258135047
3.619	0.30562720346511846	1.7269119761456253
3.628	0.30709056903949034	1.711907834195054
3.637	0.3085980152153222	1.6963836138401496
3.646	0.3101519452759235	1.6803372825776208
3.655	0.31175491862844207	1.6637677010760747
3.664	0.31340966099495193	1.6466746616022039
3.673	0.3151190749150335	1.6290589250892413
3.682	0.3168862505084642	1.6109222566093777
3.691	0.3187144764329927	1.5922674590048853
3.7	0.3206072509564527	1.5730984044269098
3.709	0.32256829304469603	1.5534200635263526
3.718	0.3246015533468107	1.533238532038166
3.727	0.32671122493693505	1.5125610544988282
3.736	0.3289017536474435	1.4913960448368855
3.745	0.33117784780139803	1.4697531035784037
3.754	0.3335444871234255	1.4476430314130502
3.763	0.3360069305769137	1.4250778388724712
3.772	0.3385707228431237	1.4020707518807343
3.781	0.34124169912359664	1.3786362129469663
3.79	0.3440259879126509	1.354789877783015
3.799	0.3469300113521013	1.3305486071440624
3.808	0.34996048274642705	1.3059304537076595
3.817	0.35312440078471585	1.2809546438266683
3.826	0.35642903998720843	1.255641554014084
3.835	0.3598819368701942	1.230012682042641
3.844	0.36349087130575436	1.2040906125694506
3.853	0.36726384254367145	1.177898977225567
3.862	0.37120903936430516	1.1514624091422543
3.871	0.3753348038451464	1.1248064919196807
3.88	0.3796495882527312	1.0979577030796193
3.889	0.3841619046176803	1.0709433520812994
3.898	0.38888026661617253	1.0437915130185873
3.907	0.39381312346781877	1.0165309521569132
3.916	0.39896878566979055	0.9891910505095102
3.925	0.4043553425210164	0.9618017216942526
3.934	0.4099805715487259	0.9343933253543321
3.943	0.41585184013274135	0.906996576467794
3.952	0.42197599982905	0.8796424509121826
3.961	0.42835927412136354	0.8523620876907715
3.97	0.43500714057370554	0.8251866882656526
3.979	0.4419242086140141	0.798147413479868
3.988	0.44911409444212036	0.7712752785853343
3.997	0.4565792948174901	0.744601046925064
4.006	0.46432106173453513	0.7181551228466807
4.015	0.4723392802259506	0.6919674444490153
4.024	0.4806323517371539	0.6660673767842132
4.033	0.48919708567666403	0.640483606153897
4.042	0.4980286018569902	0.6152440361491229
4.051	0.5071202465882368	0.5903756860898282
4.06	0.5164635251627717	0.5659045925198756
4.069	0.5260480533664105	0.5418557144084507
4.078	0.535861530464274	0.518252842697249
4.087	0.5458897358352702	0.49511851481550784
4.096	0.5561165510688411	0.4724739347614193
4.105	0.5665240088948942	0.45033889931885196
4.114	0.5770923698013638	0.42873173094267736
4.123	0.5878002266148517	0.4076692178045524
4.132	0.598624636693265	0.38716656144396777
4.141	0.609541280724132	0.3672373324171028
4.15	0.6205246464580539	0.3478934342789146
4.159	0.6315482350568349	0.32914507617243643
4.168	0.642584787122416	0.31100075423402435
4.177	0.6536065249185428	0.2934672419548925
4.186	0.6645854068236656	0.27654958956841064
4.195	0.6754933896791218	0.26025113246004045
4.204	0.6863026944363155	0.24457350852324167
4.213	0.6969860703719195	0.22951668431100375
4.222	0.7075170531361927	0.2150789897596982
4.231	0.7178702120284987	0.20125716119054224
4.24	0.7280213821504522	0.18804639222497818
4.249	0.7379478774622386	0.17544039218453186
4.258	0.7476286812477975	0.16343145148402413
4.267	0.7570446110608193	0.15201051347014932
4.276	0.766178455856864	0.14116725210610465
4.285	0.775015083693359	0.13089015485781164
4.294	0.7835415190757464	0.12116661009888473
4.303	0.7917469897217396	0.11198299832035478
4.312	0.7996229431838688	0.10332478640763694
4.321	0.8071630343939923	0.09517662423162741
4.33	0.8143630857544081	0.08752244279329342
4.339	0.8212210218863265	0.08034555316175203
4.348	0.8277367815464279	0.07362874545455392
4.357	0.8339122095311384	0.06735438712553592
4.366	0.8397509316034157	0.061504519849888674
4.375	0.8452582155996851	0.0560609543276183
4.384	0.8504408219095234	0.05100536236486116
4.393	0.8553068464747937	0.046319365636952096
4.402	0.8598655593374407	0.04198462058707136
4.411	0.8641272415865383	0.0379828989689573
4.42	0.8681030233270657	0.034296163600760946
4.429	0.871804725026892	0.030906638958781214
4.438	0.8752447043062725	0.027796876303671215
4.447	0.8784357099270073	0.024949813096845748
4.456	0.8813907444260779	0.02234882653034551
4.465	0.8841229365300853	0.019977781058444454
4.474	0.8866454241899859	0.017821069882963027
4.483	0.8889712487961947	0.01586365040576816
4.492	0.8911132608771865	0.014091073720544158
4.501	0.8930840373536295	0.012489508270930812
4.51	0.8948958102169038	0.01104575785293903
4.519	0.8965604063262098	0.009747274185660374
4.528	0.898089197873447	0.008582164315263357
4.537	0.89949306294749	0.0075391931527965805
4.546	0.9007823555387876	0.0066077814761771395
4.555	0.9019668842596731	0.0057779997508124225
4.564	0.9030558990122253	0.00504055814156642
4.573	0.9040580848120998	0.004386793101311311
4.582	0.9049815619712247	0.003808650928267494
4.591	0.9058338918509764	0.00329866868597579
4.6	0.9066220874192306	0.0028499528763849297
4.609	0.907352627876056	0.0024561562485582197
4.618	0.908031476652323	0.0021114531133417445
4.627	0.9086641021307627	0.0018105135184701248
4.636	0.9092555004886966	0.0015484766195220587
4.645	0.909810220113355	0.0013209235604025487
4.654	0.9103323870944439	0.0011238501531553476
4.663	0.9108257313516136	0.0009536396214270535
4.672	0.9112936130072835	0.000807035645330211
4.681	0.9117390486660382	0.0006811159182803289
4.69	0.9121647373106524	0.0005732663990747532
4.699	0.9125730855709369	0.00048115641546630773
4.708	0.9129662321643497	0.00040271474914583714
4.717	0.9133460713472158	0.0003361068067231567
4.726	0.9137142752518075	0.00027971295727404106
4.735	0.9140723150171568	0.00023210809454017635
4.744	0.914421480650963	0.00019204246111696483
4.753	0.9147628995860376	0.00015842375307874643
4.762	0.915097553917281	0.00013030050656274653
4.771	0.9154262963244327	0.00010684675290755031
4.78	0.9157498647027731	0.00008734791602368177
4.789	0.91606889553722	0.00007118791473074294
4.798	0.9163839360664756	0.00005783742376300143
4.807	0.9166954552925862	0.000046843239931505225
4.816	0.9170038538976261	0.000037818694421595424
4.825	0.9173094731339194	0.000030435048268527947
4.834	0.9176126027570615	0.000024413805546697284
4.843	0.9179134880723947	0.000019519877577546982
4.852	0.9182123361654272	0.000015555531351676484
4.861	0.9185093213860891	0.00001235505621590479
4.87	0.9188045901546131	9.7800845433553e-6
4.879	0.9190982651541955	7.715504437294085e-6
4.888	0.9193904489725522	6.065905379156201e-6
4.897	0.9196812272509078	4.75250098976893e-6
4.906	0.9199706713950344	3.7104766135349264e-6
4.915	0.9202588408990136	2.886713153900733e-6
4.924	0.9205457853283509	2.2378423931879286e-6
4.933	0.9208315460050265	1.7285928419977233e-6
4.942	0.9211161574328961	1.3303889166588979e-6
4.951	0.9213996484982675	1.0201698833412407e-6
4.96	0.9216820434765864	7.793984915520619e-7
4.969	0.9219633628729819	5.932325152043395e-7
4.978	0.9222436241208083	4.498355030918395e-7
4.987	0.9225228421597857	3.3980589752059483e-7
4.996	0.9228010299122749	2.557063023036031e-7
5.005	0.9230781986740371	1.9167706769302413e-7
5.014	0.9233543584332067	1.4312051349972277e-7
5.023	0.9236295181296453	1.0644404006603773e-7
5.032	0.9239036858649317	7.88520904611657e-8
5.041	0.9241768690714629	5.8178439091002716e-8
5.05	0.9244490746481295	4.275160623845807e-8
5.059	0.9247203090687676	3.128735017664396e-8
5.068	0.9249905784682257	2.2803184109391064e-8
5.077	0.9252598887106083	1.6550719918187417e-8
5.086	0.9255282454430567	1.1962369751947795e-8
5.095	0.9257956541379172	8.609554430612728e-9
5.104	0.9260621201257039	6.170088118922234e-9
5.113	0.9263276486207936	4.40284443318608e-9
5.122	0.926592244741244	3.128171661114997e-9
5.131	0.9268559135242409	2.2128245791599157e-9
5.14	0.9271186599378602	1.5584268103212034e-9
5.149	0.9273804888901628	1.0926790679047387e-9
5.158	0.9276414052361205	7.626922433974523e-10
5.167	0.9279014137829324	5.299564302902692e-10
5.176	0.9281605192940581	3.66563063430712e-10
5.185	0.9284187264923837	2.5238203359505547e-10
5.194	0.928676040062504	1.729628369307576e-10
5.203	0.9289324646526138	1.1798183817015747e-10
5.212	0.9291880048758909	8.009931557070631e-11
5.221	0.9294426653116099	5.412239009506878e-11
5.23	0.9296964505060412	3.639509040231783e-11
5.239	0.9299493649731381	2.4356192659185984e-11
5.248	0.9302014131951258	1.6220333645347875e-11
5.257	0.9304525996229708	1.0749218799159835e-11
5.266	0.93070292867684	7.088325372537003e-12
5.275	0.9309524047464586	4.650962353198111e-12
5.284	0.9312010321914514	3.036387462706043e-12
5.293	0.9314488153416713	1.972283857303701e-12
5.302	0.9316957584974499	1.2745654065182707e-12
5.311	0.9319418659299037	8.194413074186707e-13
5.32	0.9321871418811865	5.241059274276407e-13
5.329	0.932431590564767	3.334634117325178e-13
5.338	0.9326752161656904	2.1105106278845332e-13
5.347	0.9329180228407637	1.328676957334875e-13
5.356	0.9331600147188396	8.320050635237007e-14
5.365	0.9334011959010846	5.1819041323926573e-14
5.374	0.93364157046112	3.2099013195641276e-14
5.383	0.9338811424453222	1.9774926893856872e-14
5.392	0.9341199158730713	1.2115488151123236e-14
5.401	0.9343578947369197	7.381619107941625e-15
5.41	0.9345950830028199	4.4722782995100784e-15
5.419	0.9348314846103882	2.6943512147831854e-15
5.428	0.935067103473054	1.6140219695412573e-15
5.437	0.935301943478382	9.61338007111868e-16
5.446	0.9355360084881881	5.692928584266334e-16
5.455	0.9357693023388161	3.3517356556807706e-16
5.464	0.9360018288412996	1.9618218343681398e-16
5.473	0.9362335917816091	1.141527715997526e-16
5.482	0.9364645949208037	6.60285397805433e-17
5.491	0.9366948419953125	3.796439086506344e-17
5.5	0.9369243367170641	2.1697105280858756e-17
5.509	0.9371530827737493	1.2325053465510118e-17
5.518	0.9373810838289895	6.958545199772402e-18
5.527	0.9376083435224872	3.904555674237526e-18
5.536	0.9378348654702731	2.1773545153986954e-18
5.545	0.9380606532649132	1.2066235492045926e-18
5.554	0.9382857104756636	6.644774819554584e-19
5.563	0.9385100406486665	3.6360947123817764e-19
5.572	0.9387336473071672	1.977047546240142e-19
5.581	0.9389565339516539	1.0680867787259269e-19
5.59	0.9391787040600443	5.73302566391573e-20
5.599	0.9394001610878726	3.0572398247323233e-20
5.608	0.9396209084685185	1.6196593859399394e-20
5.617	0.9398409496133214	8.524063081903933e-21
5.626	0.9400602879117583	4.456342338371194e-21
5.635	0.9402789267316813	2.3141923107356927e-21
5.644	0.9404968694194302	1.193683986168367e-21
5.653	0.9407141193000004	6.115447671129811e-22
5.662	0.9409306796772561	3.111687547785544e-22
5.671	0.9411465538340766	1.5724337531584903e-22
5.68	0.9413617450324907	7.891092245414594e-23
5.689	0.9415762565138962	3.932510946646905e-23
5.698	0.9417900914992138	1.9460339814327233e-23
5.707	0.9420032531890399	9.562205923828078e-24
5.716	0.9422157447637713	4.665223159259252e-24
5.725	0.94242756938381	2.2598145938333378e-24
5.734	0.9426387301897041	1.086772345977016e-24
5.743	0.942849230302274	5.188585678132352e-25
5.752	0.9430590728227997	2.459139931313276e-25
5.761	0.9432682608331955	1.156965610489328e-25
5.77	0.9434767973961342	5.403058533950981e-26
5.779	0.9436846855551743	2.5044934214600256e-26
5.788	0.9438919283349427	1.1522322769765145e-26
5.797	0.9440985287413128	5.261128953790976e-27
5.806	0.9443044897614654	2.3840502593027474e-27
5.815	0.9445098143640573	1.0720823093103486e-27
5.824	0.9447145054993911	4.784050553603101e-28
5.833	0.9449185660995829	2.1183458910600848e-28
5.842	0.9451219990786472	9.307005722761586e-29
5.851	0.9453248073326418	4.057079504842295e-29
5.86	0.9455269937398403	1.7546312438703476e-29
5.869	0.9457285611608354	7.528445370988202e-30
5.878	0.9459295124386908	3.20442482639823e-30
5.887	0.9461298503991197	1.3530018100874517e-30
5.896	0.9463295778505321	5.66667454408262e-31
5.905	0.9465286975841747	2.354061449411522e-31
5.914	0.9467272123743189	9.699400966325262e-32
5.923	0.9469251249783386	3.963578977619994e-32
5.932	0.9471224381368781	1.606288051440258e-32
5.941	0.9473191545739997	6.455507742536489e-33
5.95	0.9475152769972592	2.572682166814259e-33
5.959	0.9477108080977976	1.0166424435006776e-33
5.968	0.94790575055052	3.983403122231841e-34
5.977	0.9481001070142565	1.547468030434694e-34
5.986	0.9482938801318095	5.960022909439399e-35
5.995	0.9484870725300861	2.2756755075544398e-35
6.004	0.9486796868202263	8.613629377337775e-36
6.013	0.9488717255977541	3.2318610112350055e-36
6.022	0.9490631914426347	1.2019515387127747e-36
6.031	0.9492540869194279	4.430636290095328e-37
6.04	0.9494444145774146	1.6187027572665661e-37
6.049	0.9496341769506933	5.860935084148472e-38
6.058	0.949823376558244	2.1030150514711613e-38
6.067	0.9500120159041234	7.477739199216151e-39
6.076	0.9502000974775486	2.6346773670558054e-39
6.085	0.9503876237529999	9.197936815283033e-40
6.094	0.9505745971903106	3.1815287409579348e-40
6.103	0.9507610202348046	1.0902855402217224e-40
6.112	0.9509468953173768	3.7015198492684953e-41
6.121	0.9511322248546406	1.2448921534563916e-41
6.13	0.9513170112490037	4.147357880995656e-42
6.139	0.9515012568887269	1.3685973144434828e-42
6.148	0.9516849641481007	4.473221712589839e-43
6.157	0.9518681353875647	1.4480443038875965e-43
6.166	0.9520507729537055	4.642329961882282e-44
6.175	0.9522328791794539	1.4738689493992366e-44
6.184	0.9524144563841278	4.633683335057481e-45
6.193	0.9525955068735635	1.4424949135965598e-45
6.202	0.9527760329401791	4.446296915252388e-46
6.211	0.9529560368631245	1.3569210058908776e-46
6.22	0.9531355209083207	4.099758179167982e-47
6.229	0.9533144873286008	1.226267036289e-47
6.238	0.9534929383637921	3.63086836086594e-48
6.247	0.9536708762407627	1.0641675711413388e-48
6.256	0.9538483031735991	3.0871587760629005e-49
6.265	0.9540252213636358	8.864058942536714e-50
6.274	0.954201632999567	2.5188728922396126e-50
6.283	0.9543775402575418	7.083615430100601e-51
6.292	0.9545529453012478	1.9713053106311673e-51
6.301	0.9547278502820125	5.428477256584471e-52
6.31	0.9549022573388087	1.4791162872808667e-52
6.319	0.9550761685984891	3.98750890015937e-53
6.328	0.9552495861757708	1.0635327696307346e-53
6.337	0.9554225121733426	2.806239268833482e-54
6.346	0.9555949486819354	7.324834366579793e-55
6.355	0.9557668977804543	1.891232049261276e-55
6.364	0.9559383615360253	4.829923698899932e-56
6.373	0.9561093420041036	1.2199966411498383e-56
6.382	0.9562798412285147	3.047714762061639e-57
6.391	0.9564498612415389	7.529422322380684e-58
6.4	0.9566194040640561	1.8394793584459866e-58
6.409	0.9567884717055606	4.4437365429155155e-59
6.418	0.9569570661642826	1.0614411996996926e-59
6.427	0.9571251894272145	2.506755029898683e-60
6.436	0.9572928434702765	5.8528872820895004e-61
6.445	0.9574600302583274	1.3509667571540352e-61
6.454	0.9576267517452304	3.082543823222726e-62
6.463	0.9577930098739709	6.952447855735302e-63
6.472	0.9579588065766831	1.5499005266684257e-63
6.481	0.95812414377479	3.414924989785759e-64
6.49	0.9582890233790631	7.436068004863661e-65
6.499	0.9584534472896349	1.6001617840607278e-65
6.508	0.9586174173961373	3.402641854976692e-66
6.517	0.9587809355777412	7.149468695619799e-67
6.526	0.958944003703272	1.4842593448916926e-67
6.535	0.9591066236312362	3.0443708229723517e-68
6.544	0.9592687972099079	6.168935366649727e-69
6.553	0.9594305262773752	1.2348690457997765e-69
6.562	0.9595918126616565	2.441758122401369e-70
6.571	0.9597526581807317	4.769011818264736e-71
6.58	0.959913064642645	9.19964518194378e-72
6.589	0.9600730338454996	1.752683545367252e-72
6.598	0.9602325675776204	3.297603670742732e-73
6.607	0.9603916676175743	6.126728253815738e-74
6.616	0.9605503357342448	1.1240007898483624e-74
6.625	0.9607085736868589	2.036033931851744e-75
6.634	0.9608663832251345	3.641298592368197e-76
6.643	0.961023766089265	6.429140001620014e-77
6.652	0.9611807240100104	1.1205910107357185e-77
6.661	0.9613372587088183	1.9280190982189164e-78
6.67	0.961493371897786	3.274294143284788e-79
6.679	0.9616490652797596	5.4883065571506254e-80
6.688	0.9618043405484566	9.079154819623972e-81
6.697	0.9619591993884443	1.482213906156823e-81
6.706	0.9621136434752593	2.3878480622332118e-82
6.715	0.9622676744754213	3.7958121698099976e-83
6.724	0.9624212940465038	5.953560387696757e-84
6.733	0.9625745038372657	9.212862187504652e-85
6.742	0.9627273054876071	1.4064678787339443e-85
6.751	0.9628797006286804	2.118137231503314e-86
6.76	0.9630316908829835	3.146581140021205e-87
6.769	0.9631832778643484	4.610582587325612e-88
6.778	0.9633344631780225	6.663096472900245e-89
6.787	0.9634852484206958	9.496665679216038e-90
6.796	0.963635635180596	1.3347877394818083e-90
6.805	0.963785625037596	1.849994641118044e-91
6.814	0.9639352195631723	2.5282327700248275e-92
6.823	0.964084420320487	3.406614731263239e-93
6.832	0.9642332288644991	4.525424748526112e-94
6.841	0.9643816467419353	5.9264818086117355e-95
6.85	0.9645296754914214	7.650797249186718e-96
6.859	0.9646773166434692	9.735524185424976e-97
6.868	0.964824571720561	1.221027958873091e-97
6.877	0.964971442237202	1.50930198043258e-98
6.886	0.965117929699969	1.8385756984778713e-99
6.895	0.9652640356075524	2.2070503247310122e-100
6.904	0.9654097614508154	2.6105904304194868e-101
6.913	0.9655551087128901	3.0425057147698327e-102
6.922	0.9657000788691531	3.4934981724817844e-103
6.931	0.9658446733873288	3.9518124778365313e-104
6.94	0.9659888937274973	4.403611434933829e-105
6.949	0.9661327413421827	4.833576591306619e-106
6.958	0.9662762176763575	5.2257087115493976e-107
6.967	0.966419324167547	5.564276848907916e-108
6.976	0.9665620622458313	5.834841893460175e-109
6.985	0.966704433333913	6.025264382217572e-110
6.994	0.9668464388471844	6.1266000661403705e-111
7.003	0.9669880801937454	6.133792049393141e-112
7.012	0.9671293587744664	6.046085393060698e-113
7.021	0.9672702759829667	5.8671172323761314e-114
7.03	0.9674108332057793	5.604669361560426e-115
7.039	0.9675510318223242	5.270106391174943e-116
7.048	0.9676908732049394	4.877556027833457e-117
7.057	0.9678303587189765	4.442914188293849e-118
7.066	0.9679694897228271	3.9827731025838783e-119
7.075	0.96810826756797	3.5133735428740965e-120
7.084	0.9682466935989832	3.0496730303340872e-121
7.093	0.9683847691535905	2.604602333933763e-122
7.102	0.9685224955627696	2.1885561794344985e-123
7.111	0.9686598741507499	1.8091349607168432e-124
7.12	0.9687969062350452	1.471126516142189e-125
7.129	0.9689335931265008	1.176694164101322e-126
7.138	0.9690699361293484	9.25721509608422e-128
7.147	0.9692059365412251	7.162570034336109e-129
7.156	0.9693415956532643	5.450015064991117e-130
7.165	0.9694769147501077	4.077887815773996e-131
7.174	0.9696118951099078	3.000198447352806e-132
7.183	0.9697465380043966	2.170251899744904e-133
7.192	0.9698808446989566	1.543419607824966e-134
7.201	0.9700148164526197	1.0790455257821619e-135
7.21	0.9701484545181285	7.415586810387626e-137
7.219	0.9702817601419622	5.0092109727122775e-138
7.228	0.9704147345644067	3.3256699365071206e-139
7.237	0.9705473790195449	2.169915865551178e-140
7.246	0.9706796947353455	1.3913244434060985e-141
7.255	0.9708116829336629	8.766040552371216e-143
7.264	0.9709433448302784	5.42669957070995e-144
7.273	0.9710746816349561	3.300600497493576e-145
7.282	0.971205694551468	1.9721620004080089e-146
7.291	0.9713363847776428	1.1575830373351469e-147
7.3	0.9714667535053845	6.674044424584657e-149
7.309	0.9715968019207193	3.779381773630476e-150
7.318	0.9717265312038081	2.101911664949007e-151
7.327	0.9718559425290287	1.1479881512277339e-152
7.336	0.9719850370650183	6.156824238001327e-154
7.345	0.9721138159746451	3.2421984835803123e-155
7.354	0.9722422804150916	1.6763046603216063e-156
7.363	0.9723704315378306	8.508710914960693e-158
7.372	0.9724982704887483	4.239737119302331e-159
7.381	0.9726257984081176	2.0736967574918122e-160
7.39	0.9727530164306548	9.955188132156139e-162
7.399	0.9728799256855347	4.690490664059334e-163
7.408	0.9730065272964789	2.1687938342949147e-164
7.417	0.973132822381704	9.840473454983546e-166
7.426	0.9732588120539987	4.381047083551289e-167
7.435	0.9733844974207798	1.9136850004796245e-168
7.444	0.9735098795840867	8.20086997415462e-170
7.453	0.9736349596406104	3.447566144974322e-171
7.462	0.9737597386817531	1.421656564515873e-172
7.471	0.9738842177936904	5.750059233548574e-174
7.48	0.9740083980572972	2.2809278102653967e-175
7.489	0.9741322805483059	8.873160833560591e-177
7.498	0.9742558663372622	3.384844195826429e-178
7.507	0.9743791564895152	1.2660719442300303e-179
7.516	0.9745021520653661	4.6430487977612187e-181
7.525	0.9746248541199998	1.6693176745953483e-182
7.534	0.9747472637035743	5.883439166139354e-184
7.543	0.9748693818612306	2.032570685923787e-185
7.552	0.9749912096331008	6.882523103186332e-187
7.561	0.9751127480543769	2.284035100338055e-188
7.57	0.9752339981552987	7.428075735814987e-190
7.579	0.9753549609612142	2.367192823223406e-191
7.588	0.9754756374926139	7.391625446023138e-193
7.597	0.975596028765138	2.26131177909036e-194
7.606	0.9757161357895869	6.77735475502925e-196
7.615	0.975835959571987	1.9897765574860967e-197
7.624	0.9759555011135952	5.722129538225659e-199
7.633	0.9760747614110199	1.6117038521313002e-200
7.642	0.9761937414561002	4.445819402342609e-202
7.651	0.9763124422360078	1.2009423673773703e-203
7.66	0.9764308647332353	3.176588697424503e-205
7.669	0.9765490099257039	8.226837184506226e-207
7.678	0.9766668787867288	2.0859431674682663e-208
7.687	0.9767844722850558	5.1776678058098934e-210
7.696	0.9769017913849056	1.2580342268330462e-211
7.705	0.9770188370459796	2.9918626031976665e-213
7.714	0.977135610223455	6.963795865573453e-215
7.723	0.9772521118680969	1.5862434135647702e-216
7.732	0.9773683429262208	3.5357145202258627e-218
7.741	0.9774843043397332	7.711381533048768e-220
7.75	0.9775999970461717	1.645503608326757e-221
7.759	0.9777154219787323	3.435113391210643e-223
7.768	0.9778305800662095	7.014920925189704e-225
7.777	0.977945472233156	1.4012245932823782e-226
7.786	0.9780600993997992	2.737535298767395e-228
7.795	0.9781744624821715	5.230490024210294e-230
7.804	0.9782885623920359	9.77280654309119e-232
7.813	0.9784024000369405	1.7854760551043735e-233
7.822	0.9785159763202786	3.189407613020671e-235
7.831	0.9786292921412516	5.569942158571575e-237
7.84	0.9787423483949238	9.509098205461628e-239
7.849	0.9788551459722681	1.5868622416605414e-240
7.858	0.9789676857601737	2.5882937070050555e-242
7.867	0.9790799686414164	4.125964086367512e-244
7.876	0.9791919954947913	6.427438653412701e-246
7.885	0.9793037671950544	9.783945640965468e-248
7.894	0.9794152846129593	1.4551797148856318e-249
7.903	0.9795265486152984	2.1145043872833404e-251
7.912	0.9796375600648886	3.001599095581366e-253
7.921	0.9797483198206349	4.162091548313785e-255
7.93	0.9798588287375453	5.637000343463817e-257
7.939	0.9799690876667027	7.456320337469765e-259
7.948	0.980079097455409	9.631715010898882e-261
7.957	0.9801888589470495	1.21492004275978e-262
7.966	0.980298372981226	1.4963016166703364e-264
7.975	0.9804076403937532	1.7992034269182253e-266
7.984	0.9805166620166669	2.1119970254279078e-268
7.993	0.9806254386782342	2.420028087608962e-270
8.002	0.9807339712029999	2.7065975106439497e-272
8.011	0.980842260411793	2.954371761185726e-274
8.02	0.9809503071217512	3.1470725984588405e-276
8.029	0.9810581121463482	3.271225042948661e-278
8.038	0.9811656762953812	3.317706376590437e-280
8.047	0.9812730003750415	3.2828503862007046e-282
8.056	0.9813800851879275	3.168921903061991e-284
8.065	0.9814869315330279	2.983876894308623e-286
8.074	0.9815935402057577	2.7404427536496467e-288
8.083	0.9816999119980284	2.4546666072868773e-290
8.092	0.981806047698156	2.1441622904691783e-292
8.101	0.9819119480909808	1.8263226064329438e-294
8.11	0.9820176139578808	1.5167475867877627e-296
8.119	0.9821230460767303	1.2280790232858918e-298
8.128	0.9822282452219564	9.693433488419187e-301
8.137	0.9823332121645689	7.458102478383234e-303
8.146	0.9824379476721523	5.592930848846448e-305
8.155	0.9825424525088623	4.08763281681929e-307
8.164	0.9826467274355037	2.911296867681761e-309
8.173	0.982750773209565	2.020431326656697e-311
8.182	0.9828545905851569	1.366172081994582e-313
8.191	0.9829581803130889	8.999763356941233e-316
8.2	0.9830615431408618	5.775395579441083e-318
8.209	0.983164679812706	3.610088650229489e-320
8.218	0.9832675910695228	2.197859548078964e-322
8.227	0.9833702776490494	1.303131759046317e-324
8.236	0.9834727402857899	7.523906054102448e-327
8.245	0.9835749797109592	4.229853145061631e-329
8.254	0.9836769966526098	2.315230770226405e-331
8.263	0.9837787918356672	1.233702557365068e-333
8.272	0.9838803659818198	6.399320637260981e-336
8.281	0.9839817198096783	3.230907162374543e-338
8.29	0.9840828540347204	1.587604043001117e-340
8.299	0.9841837693692865	7.591836754083934e-343
8.308	0.9842844665226533	3.532630738241925e-345
8.317	0.9843849462009837	1.59939614778121e-347
8.326	0.9844852091073966	7.044982211040179e-350
8.335	0.9845852559419583	3.018765472402084e-352
8.344	0.9846850874017652	1.258241374577075e-354
8.353	0.9847847041808667	5.100856345683759e-357
8.362	0.9848841069702947	2.011065086456468e-359
8.371	0.9849832964581475	7.710319138526056e-362
8.38	0.9850822733295257	2.874358935394397e-364
8.389	0.9851810382665883	1.041816465790301e-366
8.398	0.9852795919485916	3.670980630504395e-369
8.407	0.985377935051881	1.257397652666608e-371
8.416	0.9854760682498687	4.186217833274763e-374
8.425	0.9855739922131339	1.354529627509924e-376
8.434	0.9856717076093438	4.259234130590941e-379
8.443	0.9857692151033128	1.301396347250653e-381
8.452	0.9858665153570609	3.863504240062241e-384
8.461	0.985963609029764	1.114308775982499e-386
8.47	0.9860604967777662	3.122055332166155e-389
8.479	0.9861571792546644	8.496596586660516e-392
8.488	0.9862536571112792	2.245831464600708e-394
8.497	0.9863499309956385	5.764948342338021e-397
8.506	0.9864460015530406	1.437004202931294e-399
8.515	0.9865418694260488	3.477949039358168e-402
8.524	0.9866375352544902	8.172389866139893e-405
8.533	0.9867329996754945	1.864205075423073e-407
8.542	0.9868282633235241	4.127765669351983e-410
8.551	0.9869233268303521	8.870968688631087e-413
8.56	0.9870181908250748	1.850203833125942e-415
8.569	0.98711285593416	3.744711908159888e-418
8.578	0.9872073227814515	7.354027865227462e-421
8.587	0.9873015919881536	1.401192502113492e-423
8.596	0.9873956641728805	2.589963205830357e-426
8.605	0.987489539951638	4.643764139760064e-429
8.614	0.9875832199378685	8.075788326946062e-432
8.623	0.9876767047424458	1.362057030323275e-434
8.632	0.9877699949736836	2.227709499140682e-437
8.641	0.9878630912373416	3.532905010926368e-440
8.65	0.9879559941367027	5.432161531970235e-443
8.659	0.9880487042725217	8.097254786149122e-446
8.668	0.9881412222430224	1.169996016047669e-448
8.677	0.9882335486439497	1.638586514226823e-451
8.686	0.9883256840685661	2.224076302862307e-454
8.695	0.9884176291077065	2.925378951070775e-457
8.704	0.9885093843497721	3.728408467802916e-460
8.713	0.9886009503806825	4.603948277953462e-463
8.722	0.9886923277839548	5.507564699377867e-466
8.731	0.9887835171406845	6.382158075101331e-469
8.74	0.988874519029604	7.16326092503009e-472
8.749	0.9889653340270511	7.786560624192209e-475
8.758	0.9890559627070058	8.196503014127946e-478
8.767	0.9891464056410846	8.354411336859299e-481
8.776	0.989236663398523	8.244487001263737e-484
8.785	0.9893267365462217	7.876406075435002e-487
8.794	0.9894166256487311	7.283922467192203e-490
8.803	0.9895063312683368	6.519755271209401e-493
8.812	0.9895958539649943	5.647834714148458e-496
8.821	0.9896851942964164	4.734490391182264e-499
8.83	0.9897743528180424	3.840262230923241e-502
8.839	0.9898633300829689	3.013704305262232e-505
8.848	0.9899521266420498	2.28795869099394e-508
8.857	0.9900407430440153	1.680192729735963e-511
8.866	0.9901291798352307	1.193407973678219e-514
8.875	0.9902174375598939	8.197721180665388e-518
8.884	0.990305516759963	5.445366537810879e-521
8.893	0.9903934179752655	3.497407087633147e-524
8.902	0.9904811417433825	2.171728859089707e-527
8.911	0.9905686885997533	1.303648642371376e-530
8.92	0.9906560590776268	7.564255127313455e-534
8.929	0.990743253708132	4.242066661597953e-537
8.938	0.9908302730202325	2.299055745052041e-540
8.947	0.9909171175407654	1.204029482659737e-543
8.956	0.991003787794431	6.092495185036813e-547
8.965	0.991090284303844	2.978368974417942e-550
8.974	0.9911766075895136	1.406506504154177e-553
8.983	0.9912627581698558	6.415633888836283e-557
8.992	0.9913487365612115	2.826353998076263e-560
9.001	0.9914345432778338	1.202422789002539e-563
9.01	0.9915201788319448	4.939533522926964e-567
9.019	0.9916056437337135	1.959147521942426e-570
9.028	0.9916909384912402	7.501620744675485e-574
9.037	0.9917760636106525	2.772707534163086e-577
9.046	0.9918610195960542	9.89163715805792e-581
9.055	0.9919458069495	3.405661992448102e-584
9.064	0.992030426171078	1.131509446658263e-587
9.073	0.9921148777588705	3.627371690425653e-591
9.082	0.9921991622089821	1.121907514823594e-594
9.091	0.9922832800156014	3.347395269928893e-598
9.1	0.9923672316709008	9.63375582712329e-602
9.109	0.9924510176651464	2.67409388342675e-605
9.118	0.992534638486642	7.158197247233954e-609
9.127	0.9926180946217318	1.847694704306931e-612
9.136	0.9927013865548526	4.598432197987301e-616
9.145	0.9927845147685868	1.103305521440107e-619
9.154	0.9928674797435961	2.5517702428398e-623
9.163	0.9929502819586371	5.688534444357969e-627
9.172	0.9930329218905667	1.222152687444274e-630
9.181	0.9931154000143785	2.530287851752896e-634
9.19	0.9931977168032321	5.047622300166532e-638
9.199	0.9932798727284258	9.70128419066148e-642
9.208	0.993361868259387	1.796180561213499e-645
9.217	0.9934437038637387	3.203332415451606e-649
9.226	0.9935253800072739	5.502221522645932e-653
9.235	0.9936068971539359	9.10145669442955e-657
9.244	0.9936882557658703	1.449683425470845e-660
9.253	0.9937694563034436	2.223194506655491e-664
9.262	0.9938504992252113	3.282285011994633e-668
9.271	0.9939313849879345	4.664682761762738e-672
9.28	0.9940121140466225	6.3806851669844e-676
9.289	0.9940926868545137	8.399708501711714e-680
9.298	0.9941731038630977	1.064057400259921e-683
9.307	0.9942533655220986	1.296946378114186e-687
9.316	0.9943334722795296	1.520852928589393e-691
9.325	0.9944134245816576	1.715586785017677e-695
9.334	0.9944932228730167	1.861445890576424e-699
9.343	0.994572867596416	1.942460950146577e-703
9.352	0.9946523591929934	1.949261794804291e-707
9.361	0.9947316981021534	1.880857128365055e-711
9.37	0.9948108847616268	1.744861287869724e-715
9.379	0.9948899196074708	1.556098567384196e-719
9.388	0.9949688030740698	1.333938962659674e-723
9.397	0.9950475355941246	1.099028533629043e-727
9.406	0.9951261175986619	8.701769199975406e-732
9.415	0.9952045495170825	6.620382670916152e-736
9.424	0.9952828317771596	4.839348043880084e-740
9.433	0.9953609648050145	3.398365412564068e-744
9.442	0.9954389490251278	2.292365687418024e-748
9.451	0.9955167848603944	1.485181105347176e-752
9.46	0.9955944727320762	9.24075892529072e-757
9.469	0.9956720130598427	5.521022571030581e-761
9.478	0.9957494062617831	3.167130379182174e-765
9.487	0.9958266527543626	1.744205736001659e-769
9.496	0.9959037529524987	9.22073563899398e-774
9.505	0.9959807072695079	4.678646128532775e-778
9.514	0.9960575161171215	2.278306763518942e-782
9.523	0.9961341799055629	1.064613850836691e-786
9.532	0.9962106990435093	4.773208509481281e-791
9.541	0.9962870739380578	2.053134888642433e-795
9.55	0.996363304994786	8.471565545778184e-800
9.559	0.9964393926177426	3.352735153394556e-804
9.568	0.9965153372095032	1.272548657423994e-808
9.577	0.9965911391710104	4.631687505284522e-813
9.586	0.9966667989017648	1.61638148530616e-817
9.595	0.9967423167998173	5.4080193731117e-822
9.604	0.9968176932616892	1.734491945621715e-826
9.613	0.9968929286823514	5.332070313198141e-831
9.622	0.996968023455377	1.570936988231562e-835
9.631	0.9970429779728068	4.435174360466665e-840
9.64	0.9971177926252519	1.199779161211999e-844
9.649	0.9971924678018802	3.109425785024747e-849
9.658	0.9972670038903786	7.719636552054584e-854
9.667	0.9973414012770259	1.835695878813497e-858
9.676	0.997415660346637	4.180624953823873e-863
9.685	0.9974897814825607	9.11732818293284e-868
9.694	0.9975637650667777	1.903834135509779e-872
9.703	0.9976376114798262	3.806053983861344e-877
9.712	0.9977113211008496	7.283735947454127e-882
9.721	0.9977848943075474	1.334184500301774e-886
9.73	0.9978583314762595	2.338885720777865e-891
9.739	0.9979316329819334	3.923579208411411e-896
9.748	0.998004799198126	6.29774374904301e-901
9.757	0.9980778304970155	9.67086777927591e-906
9.766	0.9981507272493733	1.420602244583553e-910
9.775	0.9982234898246094	1.995973456564938e-915
9.784	0.9982961185908137	2.682012487116787e-920
9.793	0.998368613914707	3.446188946415269e-925
9.802	0.9984409761616826	4.233875161054787e-930
9.811	0.9985132056957553	4.972857736534908e-935
9.82	0.9985853028796254	5.583304665000698e-940
9.829	0.998657268074663	5.991590674320183e-945
9.838	0.9987291016409214	6.144783812560382e-950
9.847	0.9988008039371121	6.021890006363062e-955
9.856	0.9988723753206503	5.638567394334359e-960
9.865	0.998943816147648	5.043852975021545e-965
9.874	0.9990151267729024	4.309844675970832e-970
9.883	0.9990863075499399	3.517338603310474e-975
9.892	0.9991573588310139	2.74137111405723e-980
9.901	0.9992282809670896	2.040188268531689e-985
9.91	0.9992990743078155	1.449669551097107e-990
9.919	0.9993697392016236	9.83358044054048e-996
9.928	0.9994402759956478	6.367158774004058e-1001
9.937	0.9995106850357702	3.934761600287907e-1006
9.946	0.9995809666666062	2.320476810860043e-1011
9.955	0.999651121231568	1.305778039390149e-1016
9.964	0.9997211490727993	7.01038701744743e-1022
9.973	0.9997910505312055	3.590395192807625e-1027
9.982	0.9998608259464337	1.753949919610682e-1032
9.991	0.9999304756569442	8.171725726646069e-1038
10.	0.9999999999999996	3.630604536348221e-1043